congressman_id,name,party,party_id,term
141463,ABELARDO CAMARINHA,PSB,36832,54
73764,ABELARDO LUPION,DEM,36769,54
161907,ACELINO POPÓ,PRB,36815,54
133374,ADEMIR CAMILO,PROS,36763,54
160577,ADRIAN,PMDB,36800,54
141372,AELTON FREITAS,PR,36814,54
160508,AFONSO FLORENCE,PT,36844,54
136811,AFONSO HAMM,PP**,36809,54
178835,AFONSO MOTTA,PDT,36786,54
160527,AGUINALDO RIBEIRO,PP**,36809,54
173269,AKIRA OTSUBO,PMDB,36800,54
160582,ALBERTO FILHO,PMDB,36800,54
74696,ALBERTO MOURÃO,PSDB,36835,54
160559,ALCEU MOREIRA,PMDB,36800,54
73428,ALDO REBELO,PCdoB,36779,54
160511,ALESSANDRO MOLON,PT,36844,54
73458,ALEX CANZIANI,PTB,36845,54
74829,ALEXANDRE CARDOSO,PSB,36832,54
160545,ALEXANDRE LEITE,DEM,36769,54
160579,ALEXANDRE ROSO,PSB,36832,54
74830,ALEXANDRE SANTOS,PMDB,36800,54
141374,ALEXANDRE SILVEIRA,PSD,36834,54
169712,ALEXANDRE TOLEDO,PSB,36832,54
141454,ALFREDO KAEFER,PSDB,36835,54
116663,ALFREDO SIRKIS,PSB,36832,54
74057,ALICE PORTUGAL,PCdoB,36779,54
141375,ALINE CORRÊA,PP**,36809,54
160626,ALMEIDA LIMA,PMDB,36800,54
160603,AMAURI TEIXEIRA,PT,36844,54
174861,AMIR LANDO,PMDB,36800,54
141377,ANA ARRAES,PSB,36832,54
160551,ANDERSON FERREIRA,PR,36814,54
74471,ANDRÉ DE PAULA,PSD,36834,54
161905,ANDRÉ DIAS,PSDB,36835,54
133439,ANDRÉ FIGUEIREDO,PDT,36786,54
160543,ANDRE MOURA,PSC,36833,54
141378,ANDRE VARGAS,S.PART.,36852,54
74377,ANDRÉ ZACHAROW,PMDB,36800,54
141379,ANDREIA ZITO,PSDB,36835,54
160638,ÂNGELO AGNOLIN,PDT,36786,54
141381,ANGELO VANHONI,PT,36844,54
74212,ANÍBAL GOMES,PMDB,36800,54
73937,ANSELMO DE JESUS,PT,36844,54
160539,ANTHONY GAROTINHO,PR,36814,54
123756,ANTÔNIA LÚCIA,PSC,36833,54
141387,ANTÔNIO ANDRADE,PMDB,36800,54
74213,ANTONIO BALHMANN,PROS,36763,54
160553,ANTONIO BRITO,PTB,36845,54
141383,ANTONIO BULHÕES,PRB,36815,54
74058,ANTONIO CARLOS MAGALHÃES NETO,DEM,36769,54
73584,ANTONIO CARLOS MENDES THAME,PSDB,36835,54
160530,ANTONIO IMBASSAHY,PSDB,36835,54
141390,ANTÔNIO ROBERTO,PV,36851,54
74648,ARACELY DE PAULA,PR,36814,54
74103,ARIOSTO HOLANDA,PROS,36763,54
73433,ARLINDO CHINAGLIA,PT,36844,54
74405,ARMANDO ABÍLIO,PTB,36845,54
160546,ARMANDO VERGÍLIO,SDD,36764,54
73434,ARNALDO FARIA DE SÁ,PTB,36845,54
141391,ARNALDO JARDIM,PPS,36813,54
160602,ARNALDO JORDY,PPS,36813,54
74291,ARNON BEZERRA,PTB,36845,54
74833,AROLDE DE OLIVEIRA,PSD,36834,54
160541,ARTHUR LIRA,PP**,36809,54
160600,ARTHUR OLIVEIRA MAIA,SDD,36764,54
160678,ARTUR BRUNO,PT,36844,54
74222,ASDRUBAL BENTES,PMDB,36800,54
159237,ASSIS CARVALHO,PT,36844,54
74378,ASSIS DO COUTO,PT,36844,54
160581,ASSIS MELO,PCdoB,36779,54
74090,ÁTILA LINS,PSD,36834,54
74459,ÁTILA LIRA,PSB,36832,54
160680,AUDIFAX,PSB,36832,54
73655,AUGUSTO CARVALHO,SDD,36764,54
160665,AUGUSTO COUTINHO,SDD,36764,54
160512,AUREO,SDD,36764,54
178834,BEBETO GALVÃO,PSB,36832,54
73701,BENEDITA DA SILVA,PT,36844,54
74040,BENJAMIN MARANHÃO,SDD,36764,54
160554,BERINHO BANTIM,SDD,36764,54
109152,BERNARDO SANTANA DE VASCONCELLOS,PR,36814,54
74321,BETINHO ROSADO,PP**,36809,54
73478,BETO ALBUQUERQUE,PSB,36832,54
141335,BETO FARO,PT,36844,54
73437,BETO MANSUR,PRB,36815,54
74373,BIFFI,PT,36844,54
141513,BILAC PINTO,PR,36814,54
160538,BOHN GASS,PT,36844,54
74650,BONIFÁCIO DE ANDRADA,PSDB,36835,54
141399,BRIZOLA NETO,PDT,36786,54
160589,BRUNA FURLAN,PSDB,36835,54
141394,BRUNO ARAÚJO,PSDB,36835,54
141393,BRUNO RODRIGUES,PSDB,36835,54
168034,CABO JULIANO RABELO,PSB,36832,54
141395,CAMILO COLA,PMDB,36800,54
141396,CÂNDIDO VACCAREZZA,PT,36844,54
160585,CARLAILE PEDROSA,PSDB,36835,54
160584,CARLINHOS ALMEIDA,PT,36844,54
74290,CARLOS ALBERTO LERÉIA,PSDB,36835,54
141401,CARLOS BEZERRA,PMDB,36800,54
141402,CARLOS BRANDÃO,PSDB,36835,54
74474,CARLOS EDUARDO CADOCA,PCdoB,36779,54
160605,CARLOS MAGNO,PP**,36809,54
74163,CARLOS MANATO,SDD,36764,54
179381,CARLOS MARTINS,PT,36844,54
74651,CARLOS MELLES,DEM,36769,54
165583,CARLOS ROBERTO,PSDB,36835,54
74262,CARLOS SAMPAIO,PSDB,36835,54
73934,CARLOS SOUZA,PSD,36834,54
141398,CARLOS ZARATTINI,PT,36844,54
164360,CARMEN ZANOTTO,PPS,36813,54
160624,CELIA ROCHA,PTB,36845,54
73568,CELSO JACOB,PMDB,36800,54
141405,CELSO MALDANER,PMDB,36800,54
160664,CESAR COLNAGO,PSDB,36835,54
160576,CÉSAR HALUM,PRB,36815,54
74379,CEZAR SILVESTRI,PPS,36813,54
74171,CHICO ALENCAR,PSOL,36839,54
141439,CHICO D'ANGELO,PT,36844,54
160634,CHICO DAS VERDURAS,PRP,36824,54
141440,CHICO LOPES,PCdoB,36779,54
160580,CIDA BORGHETTI,PROS,36763,54
74537,CLAUDIO CAJADO,DEM,36769,54
160557,CLÁUDIO PUTY,PT,36844,54
141408,CLEBER VERDE,PRB,36815,54
74230,COLBERT MARTINS,PMDB,36800,54
74016,COSTA FERREIRA,PSC,36833,54
114586,CRISTIANO,PTdoB,36847,54
141502,DALVA FIGUEIREDO,PT,36844,54
74467,DAMIÃO FELICIANO,PDT,36786,54
74060,DANIEL ALMEIDA,PCdoB,36779,54
160528,DANILO CABRAL,PSB,36832,54
62881,DANILO FORTE,PMDB,36800,54
160552,DANRLEI DE DEUS HINTERHOLZ,PSD,36834,54
73891,DARCÍSIO PERONDI,PMDB,36800,54
73924,DAVI ALCOLUMBRE,DEM,36769,54
141412,DAVI ALVES SILVA JÚNIOR,PR,36814,54
141413,DÉCIO LIMA,PT,36844,54
160606,DELEGADO PROTÓGENES,PCdoB,36779,54
164359,DELEGADO WALDIR,PSDB,36835,54
74172,DELEY,PTB,36845,54
174854,DENILSON TEIXEIRA,PV,36851,54
74264,DEVANIR RIBEIRO,PT,36844,54
160588,DIEGO ANDRADE,PSD,36834,54
73768,DILCEU SPERAFICO,PP**,36809,54
160599,DIMAS FABIANO,PP**,36809,54
74265,DIMAS RAMALHO,PPS,36813,54
74197,DOMINGOS DUTRA,SDD,36764,54
143632,DOMINGOS NETO,PROS,36763,54
160758,DOMINGOS SÁVIO,PSDB,36835,54
141371,DR. ADILSON SOARES,PR,36814,54
160529,DR. ALUIZIO,PV,36851,54
118384,DR. CARLOS ALBERTO,PMN,36801,54
170489,DR. DILSON DRUMOND,PDT,36786,54
160514,DR. GRILO,SDD,36764,54
160643,DR. JORGE SILVA,PROS,36763,54
74094,DR. LUIZ FERNANDO,PSD,36834,54
147975,DR. PAULO CÉSAR,PR,36814,54
73459,DR. ROSINHA,PT,36844,54
178830,DR. SINVAL MALHEIROS,PV,36851,54
141498,DR. UBIALI,PSB,36832,54
166727,DRA. ELAINE ABISSAMRA,PSB,36832,54
141385,DUARTE NOGUEIRA,PSDB,36835,54
161904,DUDIMAR PAXIUBA,PROS,36763,54
177118,DUDU LUIZ EDUARDO,PSDC,36836,54
73447,EDINHO ARAÚJO,PMDB,36800,54
73793,EDINHO BEZ,PMDB,36800,54
141417,EDIO LOPES,PMDB,36800,54
160616,EDIVALDO HOLANDA JUNIOR,PTC,36846,54
160578,EDMAR ARRUDA,PSC,36833,54
74580,EDMAR MOREIRA,PTB,36845,54
141418,EDSON APARECIDO,PSDB,36835,54
74838,EDSON EZEQUIEL,PMDB,36800,54
160618,EDSON PIMENTA,PSD,36834,54
141419,EDSON SANTOS,PT,36844,54
74106,EDSON SILVA,PROS,36763,54
160647,EDUARDO AZEREDO,PSDB,36835,54
74655,EDUARDO BARBOSA,PSDB,36835,54
74173,EDUARDO CUNHA,PMDB,36800,54
141421,EDUARDO DA FONTE,PP**,36809,54
73945,EDUARDO GOMES,SDD,36764,54
74382,EDUARDO SCIARRA,PSD,36834,54
141422,EFRAIM FILHO,DEM,36769,54
74075,ELCIONE BARBALHO,PMDB,36800,54
154919,ELEUSES PAIVA,PSD,36834,54
160532,ELI CORREA FILHO,DEM,36769,54
162175,ELIANE ROLIM,PT,36844,54
141423,ELIENE LIMA,PSD,36834,54
73892,ELISEU PADILHA,PMDB,36800,54
74119,EMANUEL FERNANDES,PSDB,36835,54
154997,EMILIANO JOSÉ,PT,36844,54
73893,ENIO BACCI,PDT,36786,54
160575,ERIKA KOKAY,PT,36844,54
99654,ERIVELTON SANTANA,PSC,36833,54
171782,ERON BEZERRA,PCdoB,36779,54
160640,EROS BIONDINI,PTB,36845,54
160649,ESPERIDIÃO AMIN,PP**,36809,54
141386,EUDES XAVIER,PT,36844,54
171621,EURICO JÚNIOR,PV,36851,54
74345,EVANDRO MILHOMEN,PCdoB,36779,54
141428,FÁBIO FARIA,PSD,36834,54
141427,FÁBIO RAMALHO,PV,36851,54
171623,FABIO REIS,PMDB,36800,54
74062,FÁBIO SOUTO,DEM,36769,54
160587,FÁBIO TRAD,PMDB,36800,54
74037,FÁTIMA BEZERRA,PT,36844,54
74065,FÁTIMA PELAES,PMDB,36800,54
141430,FELIPE BORNIER,PSD,36834,54
141429,FELIPE MAIA,DEM,36769,54
160666,FÉLIX MENDONÇA JÚNIOR,PDT,36786,54
141431,FERNANDO COELHO FILHO,PSB,36832,54
74417,FERNANDO FERRO,PT,36844,54
160646,FERNANDO FRANCISCHINI,SDD,36764,54
163831,FERNANDO JORDÃO,PMDB,36800,54
74843,FERNANDO LOPES,PMDB,36800,54
73481,FERNANDO MARRONI,PT,36844,54
160676,FERNANDO TORRES,PSD,36834,54
179383,FERNANDO ZACHIA,PMDB,36800,54
141433,FILIPE PEREIRA,PSC,36833,54
160598,FLÁVIA MORAIS,PDT,36786,54
141434,FLAVIANO MELO,PMDB,36800,54
165675,FRANCISCO ARAÚJO,PSD,36834,54
172029,FRANCISCO CHAGAS,PT,36844,54
178387,FRANCISCO DE ASSIS,PT,36844,54
137983,FRANCISCO ESCÓRCIO,PMDB,36800,54
160677,FRANCISCO FLORIANO,PR,36814,54
141438,FRANCISCO PRACIANO,PT,36844,54
141467,FRANCISCO TENÓRIO,PMN,36801,54
160537,GABRIEL CHALITA,PMDB,36800,54
129037,GABRIEL GUIMARÃES,PT,36844,54
74200,GASTÃO VIEIRA,PMDB,36800,54
165429,GEAN LOUREIRO,PMDB,36800,54
160669,GENECIAS NORONHA,SDD,36764,54
141441,GEORGE HILTON,PRB,36815,54
145895,GERA ARRUDA,PMDB,36800,54
74374,GERALDO RESENDE,PMDB,36800,54
74566,GERALDO SIMÕES,PT,36844,54
74151,GERALDO THADEU,PSD,36834,54
74383,GIACOBO,PR,36814,54
179380,GILBERTO COUTINHO,PT,36844,54
74581,GILMAR MACHADO,PT,36844,54
160673,GIOVANI CHERINI,PDT,36786,54
74077,GIOVANNI QUEIROZ,PDT,36786,54
160562,GIROTO,PR,36814,54
74558,GIVALDO CARIMBÃO,PROS,36763,54
141446,GLADSON CAMELI,PP**,36809,54
152605,GLAUBER BRAGA,PSB,36832,54
173802,GOIACIARA CRUZ,PR,36814,54
74419,GONZAGA PATRIOTA,PSB,36832,54
129618,GORETE PEREIRA,PR,36814,54
141447,GUILHERME CAMPOS,PSD,36834,54
160667,GUILHERME MUSSI,PP**,36809,54
176120,GUSTAVO PETTA,PCdoB,36779,54
175737,HELCIO SILVA,PT,36844,54
74053,HELENO SILVA,PRB,36815,54
160590,HÉLIO SANTOS,PSDB,36835,54
73940,HENRIQUE AFONSO,PV,36851,54
74324,HENRIQUE EDUARDO ALVES,PMDB,36800,54
73482,HENRIQUE FONTANA,PT,36844,54
68731,HENRIQUE OLIVEIRA,SDD,36764,54
73772,HERMES PARCIANELLO,PMDB,36800,54
160596,HEULER CRUVINEL,PSD,36834,54
141448,HOMERO PEREIRA,PSD,36834,54
141450,HUGO LEAL,PROS,36763,54
160674,HUGO MOTTA,PMDB,36800,54
160974,HUGO NAPOLEÃO,PSD,36834,54
73935,HUMBERTO MICHILES,PR,36814,54
74662,HUMBERTO SOUTO,PPS,36813,54
74780,IARA BERNARDI,PT,36844,54
173262,ILÁRIO MARQUES,PT,36844,54
74421,INOCÊNCIO OLIVEIRA,PR,36814,54
67138,IRACEMA PORTELLA,PP**,36809,54
81232,IRAJÁ ABREU,PSD,36834,54
74162,IRINY LOPES,PT,36844,54
141453,ÍRIS DE ARAÚJO,PMDB,36800,54
74152,ISAIAS SILVESTRE,PSB,36832,54
73531,IVAN VALENTE,PSOL,36839,54
4931,IZALCI,PSDB,36835,54
74665,JAIME MARTINS,PSD,36834,54
74847,JAIR BOLSONARO,PP**,36809,54
3151,JAIRO ATAÍDE,DEM,36769,54
74848,JANDIRA FEGHALI,PCdoB,36779,54
73926,JANETE CAPIBERIBE,PSB,36832,54
141455,JANETE ROCHA PIETÁ,PT,36844,54
160675,JÂNIO NATAL,PRP,36824,54
97822,JAQUELINE RORIZ,PMN,36801,54
160672,JEAN WYLLYS,PSOL,36839,54
74273,JEFFERSON CAMPOS,PSD,36834,54
160570,JERÔNIMO GOERGEN,PP**,36809,54
160671,JESUS RODRIGUES,PT,36844,54
160531,JHONATAN DE JESUS,PRB,36815,54
141456,JILMAR TATTO,PT,36844,54
141503,JÔ MORAES,PCdoB,36779,54
160574,JOÃO ANANIAS,PCdoB,36779,54
160573,JOÃO ARRUDA,PMDB,36800,54
141457,JOÃO BITTAR,DEM,36769,54
74559,JOÃO CALDAS,SDD,36764,54
74366,JOÃO CAMPOS,PSDB,36835,54
141458,JOÃO CARLOS BACELAR,PR,36814,54
73682,JOÃO DADO,SDD,36764,54
74550,JOÃO LEÃO,PP**,36809,54
74049,JOÃO LYRA,PSD,36834,54
74120,JOÃO MAGALHÃES,PMDB,36800,54
141459,JOÃO MAIA,PR,36814,54
73534,JOÃO PAULO CUNHA,PT,36844,54
160549,JOÃO PAULO LIMA,PT,36844,54
73874,JOÃO PIZZOLATTI,PP**,36809,54
160571,JOÃO RODRIGUES,PSD,36834,54
141461,JOAQUIM BELTRÃO,PMDB,36800,54
160548,JONAS DONIZETTE,PSB,36832,54
74686,JORGE BITTAR,PT,36844,54
74388,JORGE BOEIRA,PP**,36809,54
160572,JORGE CÔRTE REAL,PTB,36845,54
73569,JORGE PINHEIRO,PRB,36815,54
73535,JORGE TADEU MUDALEN,DEM,36769,54
160509,JORGINHO MELLO,PR,36814,54
141464,JOSÉ AIRTON,PT,36844,54
73536,JOSÉ ANÍBAL,PSDB,36835,54
160661,JOSÉ AUGUSTO MAIA,PROS,36763,54
74140,JOSÉ CARLOS ARAÚJO,PSD,36834,54
73875,JOSÉ CARLOS VIEIRA,PSD,36834,54
74423,JOSÉ CHAVES,PTB,36845,54
160560,JOSÉ DE FILIPPI,PT,36844,54
73540,JOSÉ GENOÍNO,PT,36844,54
141470,JOSÉ GUIMARÃES,PT,36844,54
160396,JOSÉ HUMBERTO,PSD,36834,54
74297,JOSÉ LINHARES,PP**,36809,54
74275,JOSÉ MENTOR,PT,36844,54
160619,JOSÉ NUNES,PSD,36834,54
74395,JOSÉ OTÁVIO GERMANO,PP**,36809,54
74079,JOSÉ PRIANTE,PMDB,36800,54
74554,JOSÉ ROCHA,PR,36814,54
160607,JOSE STÉDILE,PSB,36832,54
4929,JOSEPH BANDEIRA,PSB,36832,54
74141,JOSIAS GOMES,PT,36844,54
74351,JOSUÉ BENGTSON,PTB,36845,54
73666,JOVAIR ARANTES,PTB,36845,54
160519,JÚLIO CAMPOS,DEM,36769,54
74317,JÚLIO CESAR,PSD,36834,54
73586,JÚLIO DELGADO,PSB,36832,54
74253,JULIO LOPES,PP**,36809,54
74783,JULIO SEMEGHINI,PSDB,36835,54
160648,JÚNIOR COIMBRA,PMDB,36800,54
160544,JUNJI ABE,PSD,36834,54
74570,JUTAHY JUNIOR,PSDB,36835,54
160659,KEIKO OTA,PSB,36832,54
74742,LAEL VARELLA,DEM,36769,54
151208,LAERCIO OLIVEIRA,SDD,36764,54
141479,LAUREZ MOREIRA,PSB,36832,54
160534,LAURIETE,PSC,36833,54
141480,LÁZARO BOTELHO,PP**,36809,54
74367,LEANDRO VILELA,PMDB,36800,54
141562,LELO COIMBRA,PMDB,36800,54
179385,LÉO OLIVEIRA,PMDB,36800,54
73716,LEOMAR QUINTANILHA,PMDB,36800,54
122195,LEONARDO GADELHA,PSC,36833,54
74156,LEONARDO MONTEIRO,PT,36844,54
74254,LEONARDO PICCIANI,PMDB,36800,54
141482,LEONARDO QUINTÃO,PMDB,36800,54
74368,LEONARDO VILELA,PSDB,36835,54
160663,LEOPOLDO MEYER,PSB,36832,54
160533,LILIAM SÁ,PROS,36763,54
74585,LINCOLN PORTELA,PR,36814,54
141483,LINDOMAR GARÇON,PV,36851,54
141462,LIRA MAIA,DEM,36769,54
160555,LOURIVAL MENDES,PTdoB,36847,54
73474,LUCI CHOINACKI,PT,36844,54
160628,LUCIANA SANTOS,PCdoB,36779,54
73982,LUCIANO CASTRO,PR,36814,54
160513,LUCIANO MOREIRA,PMDB,36800,54
73777,LUCIANO PIZZATTO,DEM,36769,54
141484,LÚCIO VALE,PR,36814,54
94931,LUCIO VIEIRA LIMA,PMDB,36800,54
73483,LUIS CARLOS HEINZE,PP**,36809,54
160510,LUIS TIBÉ,PTdoB,36847,54
74133,LUIZ ALBERTO,PT,36844,54
160547,LUIZ ARGÔLO,SDD,36764,54
160645,LUIZ CARLOS,PSDB,36835,54
141485,LUIZ CARLOS BUSATO,PTB,36845,54
73778,LUIZ CARLOS HAULY,PSDB,36835,54
141486,LUIZ CARLOS SETIM,DEM,36769,54
74041,LUIZ COUTO,PT,36844,54
171618,LUIZ DE DEUS,DEM,36769,54
141487,LUIZ FERNANDO FARIA,PP**,36809,54
160662,LUIZ FERNANDO MACHADO,PSDB,36835,54
162332,LUIZ NISHIMORI,PR,36814,54
161962,LUIZ NOÉ,PSB,36832,54
161906,LUIZ OTAVIO,PMDB,36800,54
160550,LUIZ PITIMAN,PSDB,36835,54
74688,LUIZ SÉRGIO,PT,36844,54
74784,LUIZA ERUNDINA,PSB,36832,54
166402,MAGDA MOFATTO,PR,36814,54
74802,MAGELA,PT,36844,54
149327,MAJOR FÁBIO,PROS,36763,54
160633,MANDETTA,DEM,36769,54
179382,MANOEL ANTUNES,PDT,36786,54
141490,MANOEL JUNIOR,PMDB,36800,54
74456,MANOEL SALVIANO,PSD,36834,54
171622,MANUEL ROSA NECA,PR,36814,54
141492,MANUELA D'ÁVILA,PCdoB,36779,54
160565,MARA GABRILLI,PSDB,36835,54
74124,MARÇAL FILHO,PMDB,36800,54
178821,MARCELINHO CARIOCA,PSB,36832,54
160660,MARCELO AGUIAR,DEM,36769,54
146613,MARCELO ALMEIDA,PMDB,36800,54
74460,MARCELO CASTRO,PMDB,36800,54
74143,MARCELO GUIMARÃES FILHO,PMDB,36800,54
76287,MARCELO MATOS,PDT,36786,54
74363,MARCIO BITTAR,PSDB,36835,54
141497,MÁRCIO FRANÇA,PSB,36832,54
141496,MARCIO JUNQUEIRA,PROS,36763,54
160542,MÁRCIO MACÊDO,PT,36844,54
150418,MÁRCIO MARINHO,PRB,36815,54
74744,MARCIO REINALDO MOREIRA,PP**,36809,54
133373,MARCO MAIA,PT,36844,54
160536,MARCO TEBALDI,PSDB,36835,54
160535,MARCON,PT,36844,54
74745,MARCOS LIMA,PMDB,36800,54
74634,MARCOS MEDRADO,SDD,36764,54
141500,MARCOS MONTES,PSD,36834,54
167722,MARCOS ROGÉRIO,PDT,36786,54
159238,MARCUS PESTANA,PSDB,36835,54
74235,MARCUS VICENTE,PP**,36809,54
171619,MARGARIDA SALOMÃO,PT,36844,54
74398,MARIA DO ROSÁRIO,PT,36844,54
176794,MARIA LUCIA PRANDI,PT,36844,54
164361,MARINA SANTANNA,PT,36844,54
74177,MARINHA RAUPP,PMDB,36800,54
74747,MÁRIO DE OLIVEIRA,PSC,36833,54
168447,MÁRIO FEITOZA,PMDB,36800,54
74158,MÁRIO HERINGER,PDT,36786,54
74635,MÁRIO NEGROMONTE,PP**,36809,54
121759,MARLLOS SAMPAIO,PMDB,36800,54
179880,MASSAMI MIKI,PSL,36837,54
179386,MAURÍCIO ALMEIDA,PSB,36832,54
75431,MAURÍCIO DZIEDRICKI,PTB,36845,54
74050,MAURÍCIO QUINTELLA LESSA,PR,36814,54
74045,MAURÍCIO RANDS,PT,36844,54
141506,MAURÍCIO TRINDADE,PROS,36763,54
73588,MAURO BENEVIDES,PMDB,36800,54
74749,MAURO LOPES,PMDB,36800,54
141507,MAURO MARIANI,PMDB,36800,54
141508,MAURO NAZIF,PSB,36832,54
178827,MAX FILHO,PTB,36845,54
73904,MENDES RIBEIRO FILHO,PMDB,36800,54
74428,MENDONÇA FILHO,DEM,36769,54
74056,MENDONÇA PRADO,DEM,36769,54
141509,MIGUEL CORRÊA,PT,36844,54
74787,MILTON MONTI,PR,36814,54
160644,MIRIQUINHO BATISTA,PT,36844,54
74862,MIRO TEIXEIRA,PROS,36763,54
160561,MISSIONÁRIO JOSÉ OLIMPIO,PP**,36809,54
74238,MOACIR MICHELETTO,PMDB,36800,54
141537,MOREIRA MENDES,PSD,36834,54
74108,NARCIO RODRIGUES,PSDB,36835,54
133372,NATAN DONADON,S.PART.,36852,54
74491,NAZARENO FONTELES,PT,36844,54
141510,NEILTON MULIM,PR,36814,54
73416,NELSON BORNIER,PMDB,36800,54
160567,NELSON MARCHEZAN JUNIOR,PSDB,36835,54
73553,NELSON MARQUEZELLI,PTB,36845,54
73781,NELSON MEURER,PP**,36809,54
160566,NELSON PADOVANI,PSC,36833,54
74571,NELSON PELLEGRINO,PT,36844,54
146307,NERI GELLER,PP**,36809,54
74750,NEWTON CARDOSO,PMDB,36800,54
160657,NEWTON LIMA,PT,36844,54
74447,NICE LOBÃO,PSD,36834,54
160564,NILDA GONDIM,PMDB,36800,54
73594,NILMAR RUIZ,PEN,36761,54
74751,NILMÁRIO MIRANDA,PT,36844,54
166401,NILSON LEITÃO,PSDB,36835,54
74352,NILSON PINTO,PSDB,36835,54
74359,NILTON CAPIXABA,PTB,36845,54
74159,ODAIR CUNHA,PT,36844,54
73782,ODÍLIO BALBINOTTI,PMDB,36800,54
73464,OLIVEIRA FILHO,PRB,36815,54
160563,ONOFRE SANTO AGOSTINI,PSD,36834,54
74399,ONYX LORENZONI,DEM,36769,54
141514,OSMAR JÚNIOR,PCdoB,36779,54
73463,OSMAR SERRAGLIO,PMDB,36800,54
73692,OSMAR TERRA,PMDB,36800,54
74430,OSVALDO COELHO,DEM,36769,54
74191,OSVALDO REIS,PMDB,36800,54
141515,OTAVIO LEITE,PSDB,36835,54
160540,OTONIEL LIMA,PRB,36815,54
160650,OZIEL OLIVEIRA,PDT,36786,54
160556,PADRE JOÃO,PT,36844,54
160670,PADRE TON,PT,36844,54
74319,PAES LANDIM,PTB,36845,54
160642,PASTOR EURICO,PSB,36832,54
160601,PASTOR MARCO FELICIANO,PSC,36833,54
74095,PAUDERNEY AVELINO,DEM,36769,54
171617,PAULÃO,PT,36844,54
141516,PAULO ABI-ACKEL,PSDB,36835,54
73883,PAULO BORNHAUSEN,PSB,36832,54
160668,PAULO CESAR QUARTIERO,DEM,36769,54
74017,PAULO FEIJÓ,PR,36814,54
109372,PAULO FERREIRA,PT,36844,54
160517,PAULO FOLETTO,PSB,36832,54
160558,PAULO FREIRE,PR,36814,54
141517,PAULO HENRIQUE LUSTOSA,PP**,36809,54
74574,PAULO MAGALHÃES,PSD,36834,54
132056,PAULO MALUF,PP**,36809,54
128760,PAULO MARINHO JUNIOR,PMDB,36800,54
141518,PAULO PEREIRA DA SILVA,SDD,36764,54
141519,PAULO PIAU,PMDB,36800,54
74400,PAULO PIMENTA,PT,36844,54
74047,PAULO RUBEM SANTIAGO,PDT,36786,54
160658,PAULO TADEU,PT,36844,54
141488,PAULO TEIXEIRA,PT,36844,54
160593,PAULO WAGNER,PV,36851,54
74812,PEDRO CHAVES,PMDB,36800,54
74556,PEDRO EUGÊNIO,PT,36844,54
74449,PEDRO FERNANDES,PTB,36845,54
174314,PEDRO GUERRA,PSD,36834,54
74111,PEDRO HENRY,PP**,36809,54
74207,PEDRO NOVAIS,PMDB,36800,54
122158,PEDRO PAULO,PMDB,36800,54
160604,PEDRO UCZAI,PT,36844,54
80920,PENNA,PV,36851,54
141445,PEPE VARGAS,PT,36844,54
73943,PERPÉTUA ALMEIDA,PCdoB,36779,54
179384,PINTO DE LUNA,PT,36844,54
141465,PINTO ITAMARATY,PSDB,36835,54
172711,PLÍNIO VALÉRIO,PSDB,36835,54
162174,POLICARPO,PT,36844,54
170673,PROFESSOR SÉRGIO DE OLIVEIRA,PSC,36833,54
141543,PROFESSOR SETIMO,PMDB,36800,54
148134,PROFESSOR VICTÓRIO GALLI,PMDB,36800,54
160639,PROFESSORA DORINHA SEABRA REZENDE,DEM,36769,54
160641,PROFESSORA MARCIVANIA,PT,36844,54
160516,RAIMUNDÃO,PMDB,36800,54
74216,RAIMUNDO GOMES DE MATOS,PSDB,36835,54
141403,RATINHO JUNIOR,PSC,36833,54
141523,RAUL HENRY,PMDB,36800,54
160656,RAUL LIMA,PP**,36809,54
141525,REBECCA GARCIA,PP**,36809,54
74161,REGINALDO LOPES,PT,36844,54
89282,REGUFFE,PDT,36786,54
160615,REINALDO AZAMBUJA,PSDB,36835,54
73786,REINHOLD STEPHANES,PSD,36834,54
160623,RENAN FILHO,PMDB,36800,54
171620,RENATO ANDRADE,PP**,36809,54
141527,RENATO MOLLING,PP**,36809,54
175212,RENATO SIMÕES,PT,36844,54
160654,RENZO BRAZ,PP**,36809,54
74027,RIBAMAR ALVES,PSB,36832,54
169553,RICARDO ARCHER,PMDB,36800,54
172945,RICARDO ARRUDA,PSC,36833,54
74793,RICARDO BERZOINI,PT,36844,54
160655,RICARDO IZAR,PSD,36834,54
150634,RICARDO QUIRINO,PRB,36815,54
141472,RICARDO TRIPOLI,PSDB,36835,54
73674,ROBERTO BALESTRA,PP**,36809,54
141529,ROBERTO BRITTO,PP**,36809,54
160653,ROBERTO DE LUCENA,PV,36851,54
161903,ROBERTO DORNER,PSD,36834,54
73805,ROBERTO FREIRE,PPS,36813,54
141473,ROBERTO SANTIAGO,PSD,36834,54
160652,ROBERTO TEIXEIRA,PP**,36809,54
152865,RODRIGO BETHLEM,PMDB,36800,54
141531,RODRIGO DE CASTRO,PSDB,36835,54
88950,RODRIGO GARCIA,DEM,36769,54
74693,RODRIGO MAIA,DEM,36769,54
160568,ROGÉRIO CARVALHO,PT,36844,54
141535,ROGÉRIO MARINHO,PSDB,36835,54
160651,ROGÉRIO PENINHA MENDONÇA,PMDB,36800,54
167707,ROMANNA REMOR,PMDB,36800,54
160597,ROMÁRIO,PSB,36832,54
160629,ROMERO RODRIGUES,PSDB,36835,54
160515,RONALDO BENEDET,PMDB,36800,54
74813,RONALDO CAIADO,DEM,36769,54
160637,RONALDO FONSECA,PROS,36763,54
163321,RONALDO NOGUEIRA,PTB,36845,54
160594,RONALDO ZULKE,PT,36844,54
160614,ROSANE FERREIRA,PV,36851,54
73507,ROSE DE FREITAS,PMDB,36800,54
146949,ROSINHA DA ADEFAL,PTdoB,36847,54
179379,ROSY DE SOUSA,PV,36851,54
73466,RUBENS BUENO,PPS,36813,54
74371,RUBENS OTONI,PT,36844,54
104254,RUI COSTA,PT,36844,54
76420,RUI PALMEIRA,PSDB,36835,54
160635,RUY CARNEIRO,PSDB,36835,54
141522,SABINO CASTELO BRANCO,PTB,36845,54
160630,SÁGUAS MORAES,PT,36844,54
73559,SALVADOR ZIMBALDI,PROS,36763,54
74372,SANDES JÚNIOR,PP**,36809,54
74039,SANDRA ROSADO,PSB,36832,54
160621,SANDRO ALEX,PPS,36813,54
73676,SANDRO MABEL,PMDB,36800,54
74762,SARAIVA FELIPE,PMDB,36800,54
74210,SARNEY FILHO,PV,36851,54
141539,SEBASTIÃO BALA ROCHA,SDD,36764,54
74533,SÉRGIO BARRADAS CARNEIRO,PT,36844,54
73808,SÉRGIO BRITO,PSD,36834,54
74435,SERGIO GUERRA,PSDB,36835,54
141542,SÉRGIO MORAES,PTB,36845,54
160612,SERGIO ZVEITER,PSD,36834,54
167614,SEVERINO NINHO,PSB,36832,54
160613,SIBÁ MACHADO,PT,36844,54
74765,SILAS BRASILEIRO,PMDB,36800,54
74356,SILAS CÂMARA,PSD,36834,54
4930,SILVIO COSTA,PSC,36833,54
73560,SILVIO TORRES,PSDB,36835,54
73424,SIMÃO SESSIM,PP**,36809,54
168175,SIMPLÍCIO ARAÚJO,SDD,36764,54
141547,SOLANGE ALMEIDA,PMDB,36800,54
92776,STEFANO AGUIAR,PSB,36832,54
160627,STEPAN NERCESSIAN,PPS,36813,54
177282,SUBTENENTE GONZAGA,PDT,36786,54
141548,SUELI VIDIGAL,PDT,36786,54
74385,TAKAYAMA,PSC,36833,54
160679,TAUMATURGO LIMA,PT,36844,54
169711,TELMA PINHEIRO,PSDB,36835,54
160608,TERESA SURITA,PMDB,36800,54
160617,THIAGO PEIXOTO,PSD,36834,54
160976,TIRIRICA,PR,36814,54
160611,TONINHO PINHEIRO,PP**,36809,54
141551,URZENI ROCHA,PSD,36834,54
141384,VALADARES FILHO,PSB,36832,54
73565,VALDEMAR COSTA NETO,PR,36814,54
74010,VALDIR COLATTO,PMDB,36800,54
162490,VALDIVINO DE OLIVEIRA,PSDB,36835,54
160610,VALMIR ASSUNÇÃO,PT,36844,54
169868,VALRY MORAIS,PRP,36824,54
141552,VALTENIR PEREIRA,PROS,36763,54
74376,VANDER LOUBET,PT,36844,54
141553,VANDERLEI MACRIS,PSDB,36835,54
167617,VANDERLEI SIRAQUE,PT,36844,54
160595,VAZ DE LIMA,PSDB,36835,54
74308,VICENTE ARRUDA,PROS,36763,54
160622,VICENTE CANDIDO,PT,36844,54
159258,VICENTE SELISTRE,PSB,36832,54
74283,VICENTINHO,PT,36844,54
141400,VIEIRA DA CUNHA,PDT,36786,54
163322,VILALBA,PP**,36809,54
73677,VILMAR ROCHA,PSD,36834,54
141870,VILSON COVATTI,PP**,36809,54
160591,VINICIUS GURGEL,PR,36814,54
92355,VITOR PAULO,PRB,36815,54
141557,VITOR PENIDO,DEM,36769,54
137853,WADSON RIBEIRO,PCdoB,36779,54
160569,WALDENOR PEREIRA,PT,36844,54
141558,WALDIR MARANHÃO,PP**,36809,54
160631,WALNEY ROCHA,PTB,36845,54
74284,WALTER FELDMAN,PSB,36832,54
141560,WALTER IHOSHI,PSD,36834,54
160609,WALTER TOSTA,PSD,36834,54
141561,WANDENKOLK GONÇALVES,PSDB,36835,54
160620,WASHINGTON REIS,PMDB,36800,54
160518,WELITON PRADO,PT,36844,54
73653,WELLINGTON FAGUNDES,PR,36814,54
74043,WELLINGTON ROBERTO,PR,36814,54
179387,WELLINGTON SALGADO,PMDB,36800,54
167493,WEVERTON ROCHA,PDT,36786,54
160586,WILLIAM DIB,PSDB,36835,54
160636,WILSON FILHO,PTB,36845,54
73930,WLADIMIR COSTA,SDD,36764,54
74439,WOLNEY QUEIROZ,PDT,36786,54
168253,ZE CARLOS DA PESCA,PP**,36809,54
73931,ZÉ GERALDO,PT,36844,54
160632,ZÉ SILVA,SDD,36764,54
152607,ZÉ VIEIRA,PROS,36763,54
160592,ZECA DIRCEU,PT,36844,54
74354,ZENALDO COUTINHO,PSDB,36835,54
73933,ZEQUINHA MARINHO,PSC,36833,54
74145,ZEZÉU RIBEIRO,PT,36844,54
160625,ZOINHO,PR,36814,54
74392,ZONTA,PP**,36809,54
178957,ABEL MESQUITA JR.,DEM,36769,55
178864,ADAIL CARNEIRO,PODE,36896,55
178914,ADALBERTO CAVALCANTI,AVANTE,36898,55
178890,ADELMO CARNEIRO LEÃO,PT,36844,55
178968,ADELSON BARRETO,PR,36814,55
133374,ADEMIR CAMILO,MDB,36899,55
196359,ADÉRMIS MARINI,PSDB,36835,55
178903,ADILTON SACHETTI,PRB,36815,55
141372,AELTON FREITAS,PR,36814,55
160508,AFONSO FLORENCE,PT,36844,55
136811,AFONSO HAMM,PP,37903,55
178835,AFONSO MOTTA,PDT,36786,55
160527,AGUINALDO RIBEIRO,PP,37903,55
178836,ALAN RICK,DEM,36769,55
160582,ALBERTO FILHO,PP,37903,55
73579,ALBERTO FRAGA,DEM,36769,55
160559,ALCEU MOREIRA,MDB,36899,55
160511,ALESSANDRO MOLON,PSB,36832,55
73458,ALEX CANZIANI,PTB,36845,55
178972,ALEX MANENTE,PPS,36813,55
178875,ALEXANDRE BALDY,PP,37903,55
160545,ALEXANDRE LEITE,DEM,36769,55
178833,ALEXANDRE SERFIOTIS,PSD,36834,55
178936,ALEXANDRE VALLE,PR,36814,55
141454,ALFREDO KAEFER,PP,37903,55
178846,ALFREDO NASCIMENTO,PR,36814,55
74057,ALICE PORTUGAL,PCdoB,36779,55
178927,ALIEL MACHADO,PSB,36832,55
178937,ALTINEU CÔRTES,PR,36814,55
178881,ALUISIO MENDES,PODE,36896,55
178973,ANA PERUGINI,PT,36844,55
160551,ANDERSON FERREIRA,PR,36814,55
178831,ANDRÉ ABDON,PP,37903,55
195143,ANDRÉ AMARAL,PROS,36763,55
74471,ANDRÉ DE PAULA,PSD,36834,55
133439,ANDRÉ FIGUEIREDO,PDT,36786,55
178882,ANDRÉ FUFUCA,PP,37903,55
160543,ANDRE MOURA,PSC,36833,55
141379,ANDREIA ZITO,PSDB,36835,55
178974,ANDRES SANCHEZ,PT,36844,55
192120,ANGELA ALBINO,PCdoB,36779,55
178837,ANGELIM,PT,36844,55
74212,ANÍBAL GOMES,DEM,36769,55
74213,ANTONIO BALHMANN,PDT,36786,55
160553,ANTONIO BRITO,PSD,36834,55
141383,ANTONIO BULHÕES,PRB,36815,55
73584,ANTONIO CARLOS MENDES THAME,PV,36851,55
160530,ANTONIO IMBASSAHY,PSDB,36835,55
178950,ANTÔNIO JÁCOME,PODE,36896,55
74103,ARIOSTO HOLANDA,PDT,36786,55
73433,ARLINDO CHINAGLIA,PT,36844,55
73434,ARNALDO FARIA DE SÁ,PP,37903,55
141391,ARNALDO JARDIM,PPS,36813,55
160602,ARNALDO JORDY,PPS,36813,55
74291,ARNON BEZERRA,PTB,36845,55
74833,AROLDE DE OLIVEIRA,PSD,36834,55
160541,ARTHUR LIRA,PP,37903,55
160600,ARTHUR OLIVEIRA MAIA,DEM,36769,55
178847,ARTHUR VIRGÍLIO BISNETO,PSDB,36835,55
159237,ASSIS CARVALHO,PT,36844,55
74378,ASSIS DO COUTO,PDT,36786,55
160581,ASSIS MELO,PCdoB,36779,55
193165,ÁTILA A. NUNES,MDB,36899,55
74090,ÁTILA LINS,PP,37903,55
74459,ÁTILA LIRA,PSB,36832,55
73655,AUGUSTO CARVALHO,SOLIDARIEDADE,37904,55
160665,AUGUSTO COUTINHO,SOLIDARIEDADE,37904,55
160512,AUREO,SOLIDARIEDADE,37904,55
69871,BACELAR,PODE,36896,55
178975,BALEIA ROSSI,MDB,36899,55
178834,BEBETO,PSB,36832,55
73701,BENEDITA DA SILVA,PT,36844,55
74535,BENITO GAMA,PTB,36845,55
74040,BENJAMIN MARANHÃO,MDB,36899,55
178915,BETINHO GOMES,PSDB,36835,55
141335,BETO FARO,PT,36844,55
73437,BETO MANSUR,MDB,36899,55
178948,BETO ROSADO,PP,37903,55
178906,BETO SALAME,PP,37903,55
141513,BILAC PINTO,DEM,36769,55
160538,BOHN GASS,PT,36844,55
74650,BONIFÁCIO DE ANDRADA,DEM,36769,55
74052,BOSCO COSTA,PROS,36763,55
160589,BRUNA FURLAN,PSDB,36835,55
178999,BRUNNY,PR,36814,55
141394,BRUNO ARAÚJO,PSDB,36835,55
178976,BRUNO COVAS,PSDB,36835,55
178938,CABO DACIOLO,PATRI,37900,55
178865,CABO SABINO,AVANTE,36898,55
105112,CABUÇU BORGES,MDB,36899,55
93083,CACÁ LEÃO,PP,37903,55
178853,CAETANO,PT,36844,55
178891,CAIO NARCIO,PSDB,36835,55
194261,CAJAR NARDES,PODE,36896,55
178829,CAPITÃO AUGUSTO,PR,36814,55
178924,CAPITÃO FÁBIO ABREU,PR,36814,55
205303,CARLA STEPHANINI,MDB,36899,55
178958,CARLOS ANDRADE,PHS,36793,55
141401,CARLOS BEZERRA,MDB,36899,55
74474,CARLOS EDUARDO CADOCA,PDT,36786,55
178962,CARLOS GOMES,PRB,36815,55
178993,CARLOS HENRIQUE GAGUIM,DEM,36769,55
74163,CARLOS MANATO,PSL,36837,55
178900,CARLOS MARUN,MDB,36899,55
74651,CARLOS MELLES,DEM,36769,55
74262,CARLOS SAMPAIO,PSDB,36835,55
73934,CARLOS SOUZA,PSDB,36835,55
141398,CARLOS ZARATTINI,PT,36844,55
164360,CARMEN ZANOTTO,PPS,36813,55
178876,CÉLIO SILVEIRA,PSDB,36835,55
73568,CELSO JACOB,MDB,36899,55
141405,CELSO MALDANER,MDB,36899,55
72912,CELSO PANSERA,PT,36844,55
73441,CELSO RUSSOMANNO,PRB,36815,55
160576,CÉSAR HALUM,PRB,36815,55
178838,CÉSAR MESSIAS,PSB,36832,55
73720,CESAR SOUZA,PSD,36834,55
74171,CHICO ALENCAR,PSOL,36839,55
141439,CHICO D'ANGELO,PDT,36786,55
141440,CHICO LOPES,PCdoB,36779,55
178928,CHRISTIANE DE SOUZA YARED,PR,36814,55
178841,CÍCERO ALMEIDA,PHS,36793,55
178939,CLARISSA GAROTINHO,PROS,36763,55
74537,CLAUDIO CAJADO,PP,37903,55
141408,CLEBER VERDE,PRB,36815,55
74230,COLBERT MARTINS,MDB,36899,55
178848,CONCEIÇÃO SAMPAIO,PSDB,36835,55
205302,CORONEL BITTENCOURT,PRB,36815,55
178963,COVATTI FILHO,PP,37903,55
194258,CREUZA PEREIRA,PSB,36832,55
93472,CRISTIANE BRASIL,PTB,36845,55
141411,DAGOBERTO NOGUEIRA,PDT,36786,55
74467,DAMIÃO FELICIANO,PDT,36786,55
178892,DÂMINA PEREIRA,PODE,36896,55
74060,DANIEL ALMEIDA,PCdoB,36779,55
178916,DANIEL COELHO,PPS,36813,55
144523,DANIEL VILELA,MDB,36899,55
160528,DANILO CABRAL,PSB,36832,55
62881,DANILO FORTE,PSDB,36835,55
160552,DANRLEI DE DEUS HINTERHOLZ,PSD,36834,55
73891,DARCÍSIO PERONDI,MDB,36899,55
141412,DAVI ALVES SILVA JÚNIOR,PR,36814,55
101309,DAVIDSON MAGALHÃES,PCdoB,36779,55
141413,DÉCIO LIMA,PT,36844,55
196357,DEJORGE PATRÍCIO,PRB,36815,55
178908,DELEGADO ÉDER MAURO,PSD,36834,55
178893,DELEGADO EDSON MOREIRA,PR,36814,55
160646,DELEGADO FRANCISCHINI,PSL,36837,55
164359,DELEGADO WALDIR,PSL,36837,55
74172,DELEY,PTB,36845,55
185500,DEOCLIDES MACEDO,PDT,36786,55
160588,DIEGO ANDRADE,PSD,36834,55
178929,DIEGO GARCIA,PODE,36896,55
73768,DILCEU SPERAFICO,PP,37903,55
160599,DIMAS FABIANO,PP,37903,55
143632,DOMINGOS NETO,PSD,36834,55
160758,DOMINGOS SÁVIO,PSDB,36835,55
178940,DR. JOÃO,PR,36814,55
160643,DR. JORGE SILVA,SOLIDARIEDADE,37904,55
178830,DR. SINVAL MALHEIROS,PODE,36896,55
141385,DUARTE NOGUEIRA,PSDB,36835,55
178994,DULCE MIRANDA,MDB,36899,55
73447,EDINHO ARAÚJO,MDB,36899,55
73793,EDINHO BEZ,MDB,36899,55
141417,EDIO LOPES,PR,36814,55
160578,EDMAR ARRUDA,PSD,36834,55
134812,EDMILSON RODRIGUES,PSOL,36839,55
74655,EDUARDO BARBOSA,PSDB,36835,55
92346,EDUARDO BOLSONARO,PSL,36837,55
74173,EDUARDO CUNHA,MDB,36899,55
178977,EDUARDO CURY,PSDB,36835,55
141421,EDUARDO DA FONTE,PP,37903,55
141422,EFRAIM FILHO,DEM,36769,55
74075,ELCIONE BARBALHO,MDB,36899,55
160532,ELI CORRÊA FILHO,DEM,36769,55
181316,ELIZEU DIONIZIO,PSB,36832,55
178883,ELIZIANE GAMA,PPS,36813,55
178854,ELMAR NASCIMENTO,DEM,36769,55
132504,ENIO VERRI,PT,36844,55
160575,ERIKA KOKAY,PT,36844,55
99654,ERIVELTON SANTANA,PATRI,37900,55
171782,ERON BEZERRA,PCdoB,36779,55
160640,EROS BIONDINI,PROS,36763,55
160649,ESPERIDIÃO AMIN,PP,37903,55
202915,EURICELIA CARDOSO,PP,37903,55
178871,EVAIR VIEIRA DE MELO,PP,37903,55
178828,EVANDRO GUSSI,PV,36851,55
178930,EVANDRO ROMAN,PSD,36834,55
178953,EXPEDITO NETTO,PSD,36834,55
178904,EZEQUIEL FONSECA,PP,37903,55
178941,EZEQUIEL TEIXEIRA,PODE,36896,55
146829,FABIANO HORTA,PT,36844,55
141428,FÁBIO FARIA,PSD,36834,55
178905,FABIO GARCIA,DEM,36769,55
178969,FÁBIO MITIDIERI,PSD,36834,55
141427,FÁBIO RAMALHO,MDB,36899,55
171623,FABIO REIS,MDB,36899,55
178877,FÁBIO SOUSA,PSDB,36835,55
160587,FÁBIO TRAD,PSD,36834,55
190149,FABRICIO OLIVEIRA,PSB,36832,55
74065,FÁTIMA PELAES,MDB,36899,55
66828,FAUSTO PINATO,PP,37903,55
141430,FELIPE BORNIER,PROS,36763,55
72442,FELIPE CARRERAS,PSB,36832,55
141429,FELIPE MAIA,DEM,36769,55
205234,FELIPE SOUZA,PHS,36793,55
160666,FÉLIX MENDONÇA JÚNIOR,PDT,36786,55
141431,FERNANDO COELHO FILHO,DEM,36769,55
163831,FERNANDO JORDÃO,MDB,36899,55
73481,FERNANDO MARRONI,PT,36844,55
92699,FERNANDO MONTEIRO,PP,37903,55
160676,FERNANDO TORRES,PSD,36834,55
160598,FLÁVIA MORAIS,PDT,36786,55
141434,FLAVIANO MELO,MDB,36899,55
178978,FLAVINHO,PSC,36833,55
191923,FLAVIO NOGUEIRA,PDT,36786,55
178979,FLORIANO PESARO,PSDB,36835,55
178907,FRANCISCO CHAPADINHA,PODE,36896,55
160677,FRANCISCO FLORIANO,DEM,36769,55
186775,FRANKLIN,PP,37903,55
74189,FREIRE JÚNIOR,MDB,36899,55
204651,FREITAS DO PT,PT,36844,55
129037,GABRIEL GUIMARÃES,PT,36844,55
160669,GENECIAS NORONHA,SOLIDARIEDADE,37904,55
141441,GEORGE HILTON,PSC,36833,55
178966,GEOVANIA DE SÁ,PSDB,36835,55
74374,GERALDO RESENDE,PSDB,36835,55
74383,GIACOBO,PR,36814,55
74270,GILBERTO NASCIMENTO,PSC,36833,55
160673,GIOVANI CHERINI,PR,36814,55
178996,GIOVANI FELTES,MDB,36899,55
74077,GIOVANNI QUEIROZ,PDT,36786,55
178878,GIUSEPPE VECCI,PSDB,36835,55
74558,GIVALDO CARIMBÃO,AVANTE,36898,55
178872,GIVALDO VIEIRA,PCdoB,36779,55
152605,GLAUBER BRAGA,PSOL,36839,55
74419,GONZAGA PATRIOTA,PSB,36832,55
129618,GORETE PEREIRA,PR,36814,55
178980,GOULART,PSD,36834,55
194259,GUILHERME COELHO,PSDB,36835,55
160667,GUILHERME MUSSI,PP,37903,55
205298,GUSTAVO MITRE,PHS,36793,55
178964,HEITOR SCHUCH,PSB,36832,55
178873,HELDER SALOMÃO,PT,36844,55
178909,HÉLIO LEITE,DEM,36769,55
73482,HENRIQUE FONTANA,PT,36844,55
97707,HERÁCLITO FORTES,DEM,36769,55
178981,HERCULANO PASSOS,MDB,36899,55
73772,HERMES PARCIANELLO,MDB,36899,55
160596,HEULER CRUVINEL,PP,37903,55
178884,HILDO ROCHA,MDB,36899,55
178959,HIRAN GONÇALVES,PP,37903,55
178849,HISSA ABRAHÃO,PDT,36786,55
141450,HUGO LEAL,PSD,36834,55
160674,HUGO MOTTA,PRB,36815,55
74662,HUMBERTO SOUTO,PPS,36813,55
194592,ILDON MARQUES,PSB,36832,55
141389,INDIO DA COSTA,PSD,36834,55
67138,IRACEMA PORTELLA,PP,37903,55
81232,IRAJÁ ABREU,PSD,36834,55
178855,IRMÃO LAZARO,PSC,36833,55
73531,IVAN VALENTE,PSOL,36839,55
4931,IZALCI LUCAS,PSDB,36835,55
196378,IZAQUE SILVA,PSDB,36835,55
74665,JAIME MARTINS,PROS,36763,55
74847,JAIR BOLSONARO,PSL,36837,55
74848,JANDIRA FEGHALI,PCdoB,36779,55
73926,JANETE CAPIBERIBE,PSB,36832,55
131943,JARBAS VASCONCELOS,MDB,36899,55
160672,JEAN WYLLYS,PSOL,36839,55
74273,JEFFERSON CAMPOS,PSB,36832,55
160570,JERÔNIMO GOERGEN,PP,37903,55
178839,JÉSSICA SALES,MDB,36899,55
178842,JHC,PSB,36832,55
160531,JHONATAN DE JESUS,PRB,36815,55
141503,JÔ MORAES,PCdoB,36779,55
160573,JOÃO ARRUDA,MDB,36899,55
74366,JOÃO CAMPOS,PRB,36815,55
141458,JOÃO CARLOS BACELAR,PR,36814,55
74445,JOÃO CASTELO,PSDB,36835,55
178970,JOÃO DANIEL,PT,36844,55
178965,JOÃO DERLY,REDE,36886,55
178917,JOÃO FERNANDO COUTINHO,PROS,36763,55
178856,JOÃO GUALBERTO,PSDB,36835,55
112437,JOÃO MARCELO SOUZA,MDB,36899,55
178967,JOÃO PAULO KLEINÜBING,DEM,36769,55
178988,JOÃO PAULO PAPA,PSDB,36835,55
160571,JOÃO RODRIGUES,PSD,36834,55
178910,JOAQUIM PASSARINHO,PSD,36834,55
194262,JONES MARTINS,MDB,36899,55
178971,JONY MARCOS,PRB,36815,55
74388,JORGE BOEIRA,PP,37903,55
160572,JORGE CÔRTE REAL,PTB,36845,55
178857,JORGE SOLLA,PT,36844,55
73535,JORGE TADEU MUDALEN,DEM,36769,55
160509,JORGINHO MELLO,PR,36814,55
141464,JOSÉ AIRTON CIRILO,PT,36844,55
74553,JOSÉ CARLOS ALELUIA,DEM,36769,55
74140,JOSÉ CARLOS ARAÚJO,PR,36814,55
131966,JOSÉ FOGAÇA,MDB,36899,55
141470,JOSÉ GUIMARÃES,PT,36844,55
74275,JOSÉ MENTOR,PT,36844,55
160619,JOSÉ NUNES,PSD,36834,55
74395,JOSÉ OTÁVIO GERMANO,PP,37903,55
74079,JOSÉ PRIANTE,MDB,36899,55
73714,JOSÉ REINALDO,PSDB,36835,55
74554,JOSÉ ROCHA,PR,36814,55
160607,JOSE STÉDILE,PSB,36832,55
114941,JOSI NUNES,PROS,36763,55
74141,JOSIAS GOMES,PT,36844,55
74351,JOSUÉ BENGTSON,PTB,36845,55
73666,JOVAIR ARANTES,PTB,36845,55
178851,JOZI ARAÚJO,PODE,36896,55
67312,JÚLIA MARINHO,PSC,36833,55
141474,JULIÃO AMIN,PDT,36786,55
74317,JÚLIO CESAR,PSD,36834,55
73586,JÚLIO DELGADO,PSB,36832,55
74253,JULIO LOPES,PP,37903,55
160648,JÚNIOR COIMBRA,MDB,36899,55
201357,JUNIOR CORINGA,PSD,36834,55
178885,JUNIOR MARRECA,PATRI,37900,55
160544,JUNJI ABE,MDB,36899,55
178886,JUSCELINO FILHO,DEM,36769,55
74570,JUTAHY JUNIOR,PSDB,36835,55
178918,KAIO MANIÇOBA,SOLIDARIEDADE,37904,55
160659,KEIKO OTA,PSB,36832,55
151208,LAERCIO OLIVEIRA,PP,37903,55
141478,LAERTE BESSA,PR,36814,55
178894,LAUDIVIO CARVALHO,PODE,36896,55
74856,LAURA CARNEIRO,DEM,36769,55
141480,LÁZARO BOTELHO,PP,37903,55
178832,LEANDRE,PV,36851,55
141562,LELO COIMBRA,MDB,36899,55
178825,LEO DE BRITO,PT,36844,55
74156,LEONARDO MONTEIRO,PT,36844,55
74254,LEONARDO PICCIANI,MDB,36899,55
141482,LEONARDO QUINTÃO,MDB,36899,55
74299,LEÔNIDAS CRISTINO,PDT,36786,55
160663,LEOPOLDO MEYER,PSB,36832,55
74585,LINCOLN PORTELA,PR,36814,55
141483,LINDOMAR GARÇON,PRB,36815,55
74277,LOBBE NETO,PSDB,36835,55
196358,LOURIVAL GOMES,PODE,36896,55
81366,LUANA COSTA,PSC,36833,55
178879,LUCAS VERGILIO,SOLIDARIEDADE,37904,55
160628,LUCIANA SANTOS,PCdoB,36779,55
74478,LUCIANO BIVAR,PSL,36837,55
178931,LUCIANO DUCCI,PSB,36832,55
178954,LUCIO MOSQUINI,MDB,36899,55
141484,LÚCIO VALE,PR,36814,55
94931,LUCIO VIEIRA LIMA,MDB,36899,55
73483,LUIS CARLOS HEINZE,PP,37903,55
160510,LUIS TIBÉ,AVANTE,36898,55
160547,LUIZ ARGÔLO,SOLIDARIEDADE,37904,55
141485,LUIZ CARLOS BUSATO,PTB,36845,55
73778,LUIZ CARLOS HAULY,PSDB,36835,55
178802,LUIZ CARLOS RAMOS,PR,36814,55
178955,LUIZ CLÁUDIO,PR,36814,55
74041,LUIZ COUTO,PT,36844,55
141487,LUIZ FERNANDO FARIA,PP,37903,55
178982,LUIZ LAURO FILHO,PSB,36832,55
162332,LUIZ NISHIMORI,PR,36814,55
74688,LUIZ SÉRGIO,PT,36844,55
74784,LUIZA ERUNDINA,PSOL,36839,55
178866,LUIZIANNE LINS,PT,36844,55
198198,LUZIA FERREIRA,PPS,36813,55
178867,MACEDO,PP,37903,55
166402,MAGDA MOFATTO,PR,36814,55
151965,MAIA FILHO,PP,37903,55
178826,MAJOR OLIMPIO,PSL,36837,55
160633,MANDETTA,DEM,36769,55
141490,MANOEL JUNIOR,MDB,36899,55
160565,MARA GABRILLI,PSDB,36835,55
74124,MARÇAL FILHO,MDB,36899,55
160660,MARCELO AGUIAR,DEM,36769,55
179000,MARCELO ÁLVARO ANTÔNIO,PSL,36837,55
146788,MARCELO ARO,PHS,36793,55
178932,MARCELO BELINATI,PP,37903,55
74460,MARCELO CASTRO,MDB,36899,55
195826,MARCELO DELAROLI,PR,36814,55
76287,MARCELO MATOS,PSD,36834,55
74278,MARCELO ORTIZ,PODE,36896,55
118594,MARCELO SQUASSONI,PRB,36815,55
178983,MARCIO ALVINO,PR,36814,55
179001,MÁRCIO BIOLCHI,MDB,36899,55
150418,MÁRCIO MARINHO,PRB,36815,55
178899,MARCIO MONTEIRO,S.PART.,36852,55
178942,MARCO ANTÔNIO CABRAL,MDB,36899,55
133373,MARCO MAIA,PT,36844,55
160536,MARCO TEBALDI,PSDB,36835,55
160535,MARCON,PT,36844,55
74470,MARCONDES GADELHA,PSC,36833,55
178880,MARCOS ABRÃO,PPS,36813,55
74634,MARCOS MEDRADO,PODE,36896,55
141500,MARCOS MONTES,PSD,36834,55
178852,MARCOS REATEGUI,PSD,36834,55
167722,MARCOS ROGÉRIO,DEM,36769,55
178850,MARCOS ROTTA,MDB,36899,55
178943,MARCOS SOARES,DEM,36769,55
159238,MARCUS PESTANA,PSDB,36835,55
74235,MARCUS VICENTE,PP,37903,55
205297,MARFIZA GALVÃO,PSD,36834,55
171619,MARGARIDA SALOMÃO,PT,36844,55
74398,MARIA DO ROSÁRIO,PT,36844,55
64960,MARIA HELENA,MDB,36899,55
178956,MARIANA CARVALHO,PSDB,36835,55
178919,MARINALDO ROSENDO,PP,37903,55
74177,MARINHA RAUPP,MDB,36899,55
74158,MÁRIO HERINGER,PDT,36786,55
178858,MÁRIO NEGROMONTE JR.,PP,37903,55
181315,MARQUINHO MENDES,MDB,36899,55
178843,MARX BELTRÃO,PSD,36834,55
74050,MAURÍCIO QUINTELLA LESSA,PR,36814,55
73588,MAURO BENEVIDES,MDB,36899,55
74749,MAURO LOPES,MDB,36899,55
141507,MAURO MARIANI,MDB,36899,55
124411,MAURO PEREIRA,MDB,36899,55
178827,MAX FILHO,PSDB,36835,55
74428,MENDONÇA FILHO,DEM,36769,55
74056,MENDONÇA PRADO,DEM,36769,55
188097,MERLONG SOLANO,PT,36844,55
141509,MIGUEL CORRÊA,PT,36844,55
178984,MIGUEL HADDAD,PSDB,36835,55
178985,MIGUEL LOMBARDI,PR,36814,55
74787,MILTON MONTI,PR,36814,55
74862,MIRO TEIXEIRA,REDE,36886,55
178895,MISAEL VARELLA,PSD,36834,55
160561,MISSIONÁRIO JOSÉ OLIMPIO,DEM,36769,55
178859,MOEMA GRAMACHO,PT,36844,55
195278,MOISÉS DINIZ,PCdoB,36779,55
74457,MORONI TORGAN,DEM,36769,55
178997,MOSES RODRIGUES,MDB,36899,55
160567,NELSON MARCHEZAN JUNIOR,PSDB,36835,55
73553,NELSON MARQUEZELLI,PTB,36845,55
73781,NELSON MEURER,PP,37903,55
193069,NELSON NAHIM,PSD,36834,55
160566,NELSON PADOVANI,PSDB,36835,55
74571,NELSON PELLEGRINO,PT,36844,55
178896,NEWTON CARDOSO JR,MDB,36899,55
74751,NILMÁRIO MIRANDA,PT,36844,55
166401,NILSON LEITÃO,PSDB,36835,55
74352,NILSON PINTO,PSDB,36835,55
178986,NILTO TATTO,PT,36844,55
74359,NILTON CAPIXABA,PTB,36845,55
194260,NIVALDO ALBUQUERQUE,PTB,36845,55
66179,NORMA AYUB,DEM,36769,55
74159,ODAIR CUNHA,PT,36844,55
74752,ODELMO LEÃO,PP,37903,55
178868,ODORICO MONTEIRO,PSB,36832,55
74399,ONYX LORENZONI,DEM,36769,55
178987,ORLANDO SILVA,PCdoB,36779,55
180545,OSMAR BERTOLDI,DEM,36769,55
73463,OSMAR SERRAGLIO,PP,37903,55
73692,OSMAR TERRA,MDB,36899,55
202063,OSVALDO MAFRA,SOLIDARIEDADE,37904,55
141515,OTAVIO LEITE,PSDB,36835,55
160556,PADRE JOÃO,PT,36844,55
74319,PAES LANDIM,PTB,36845,55
160642,PASTOR EURICO,PATRI,37900,55
193982,PASTOR LUCIANO BRAGA,PRB,36815,55
74160,PATRUS ANANIAS,PT,36844,55
74095,PAUDERNEY AVELINO,DEM,36769,55
171617,PAULÃO,PT,36844,55
141516,PAULO ABI-ACKEL,PSDB,36835,55
178860,PAULO AZI,DEM,36769,55
74017,PAULO FEIJÓ,PR,36814,55
160517,PAULO FOLETTO,PSB,36832,55
160558,PAULO FREIRE COSTA,PR,36814,55
141517,PAULO HENRIQUE LUSTOSA,PP,37903,55
74574,PAULO MAGALHÃES,PSD,36834,55
132056,PAULO MALUF,PP,37903,55
193726,PAULO MARTINS,PSDB,36835,55
141518,PAULO PEREIRA DA SILVA,SOLIDARIEDADE,37904,55
74400,PAULO PIMENTA,PT,36844,55
141488,PAULO TEIXEIRA,PT,36844,55
74812,PEDRO CHAVES,MDB,36899,55
178912,PEDRO CUNHA LIMA,PSDB,36835,55
74449,PEDRO FERNANDES,PTB,36845,55
122158,PEDRO PAULO,DEM,36769,55
160604,PEDRO UCZAI,PT,36844,55
178844,PEDRO VILELA,PSDB,36835,55
80920,PENNA,PV,36851,55
141445,PEPE VARGAS,PT,36844,55
162174,POLICARPO,PT,36844,55
195997,POLLYANA GAMA,PPS,36813,55
73486,POMPEO DE MATTOS,PDT,36786,55
160601,PR. MARCO FELICIANO,PODE,36896,55
200153,PROF. GEDEÃO AMORIM,MDB,36899,55
204011,PROFESSOR PACCO,PODE,36896,55
170673,PROFESSOR SÉRGIO DE OLIVEIRA,PSD,36834,55
148134,PROFESSOR VICTÓRIO GALLI,PSL,36837,55
160639,PROFESSORA DORINHA SEABRA REZENDE,DEM,36769,55
160641,PROFESSORA MARCIVANIA,PCdoB,36779,55
178951,RAFAEL MOTTA,PSB,36832,55
74216,RAIMUNDO GOMES DE MATOS,PSDB,36835,55
178998,RAQUEL MUNIZ,PSD,36834,55
74048,RAUL JUNGMANN,PPS,36813,55
74161,REGINALDO LOPES,PT,36844,55
73786,REINHOLD STEPHANES,PSD,36834,55
178925,REJANE DIAS,PT,36844,55
178960,REMÍDIO MONAI,PR,36814,55
178989,RENATA ABREU,PODE,36896,55
171620,RENATO ANDRADE,PP,37903,55
141527,RENATO MOLLING,PP,37903,55
160654,RENZO BRAZ,PP,37903,55
73788,RICARDO BARROS,PP,37903,55
195581,RICARDO BENTINHO,PRB,36815,55
160655,RICARDO IZAR,PP,37903,55
178920,RICARDO TEOBALDO,PODE,36896,55
141472,RICARDO TRIPOLI,PSDB,36835,55
152610,ROBERTO ALVES,PRB,36815,55
73674,ROBERTO BALESTRA,PP,37903,55
141529,ROBERTO BRITTO,PP,37903,55
160653,ROBERTO DE LUCENA,PODE,36896,55
73805,ROBERTO FREIRE,PPS,36813,55
178995,ROBERTO GÓES,PDT,36786,55
178944,ROBERTO SALES,DEM,36769,55
160652,ROBERTO TEIXEIRA,PP,37903,55
91208,ROBINSON ALMEIDA,PT,36844,55
178840,ROCHA,PSDB,36835,55
141532,ROCHA LOURES,MDB,36899,55
141531,RODRIGO DE CASTRO,PSDB,36835,55
88950,RODRIGO GARCIA,DEM,36769,55
74693,RODRIGO MAIA,DEM,36769,55
178926,RODRIGO MARTINS,PSB,36832,55
178897,RODRIGO PACHECO,DEM,36769,55
141535,ROGÉRIO MARINHO,PSDB,36835,55
160651,ROGÉRIO PENINHA MENDONÇA,MDB,36899,55
160426,ROGÉRIO ROSSO,PSD,36834,55
198963,ROGÉRIO SILVA,MDB,36899,55
141536,RÔMULO GOUVEIA,PSD,36834,55
160515,RONALDO BENEDET,MDB,36899,55
178861,RONALDO CARLETTO,PP,37903,55
160637,RONALDO FONSECA,PODE,36896,55
178845,RONALDO LESSA,PDT,36786,55
122466,RONALDO MARTINS,PRB,36815,55
163321,RONALDO NOGUEIRA,PTB,36845,55
178870,RÔNEY NEMER,PP,37903,55
191684,ROSÂNGELA CURADO,PDT,36786,55
178945,ROSANGELA GOMES,PRB,36815,55
146949,ROSINHA DA ADEFAL,AVANTE,36898,55
178935,ROSSONI,PSDB,36835,55
73466,RUBENS BUENO,PPS,36813,55
74371,RUBENS OTONI,PT,36844,55
178887,RUBENS PEREIRA JÚNIOR,PCdoB,36779,55
141522,SABINO CASTELO BRANCO,PTB,36845,55
160630,SÁGUAS MORAES,PT,36844,55
178990,SAMUEL MOREIRA,PSDB,36835,55
74372,SANDES JÚNIOR,PP,37903,55
160621,SANDRO ALEX,PSD,36834,55
74762,SARAIVA FELIPE,MDB,36899,55
74210,SARNEY FILHO,PV,36851,55
178921,SEBASTIÃO OLIVEIRA,PR,36814,55
73808,SÉRGIO BRITO,PSD,36834,55
141542,SÉRGIO MORAES,PTB,36845,55
178991,SÉRGIO REIS,PRB,36815,55
178933,SERGIO SOUZA,MDB,36899,55
178874,SERGIO VIDIGAL,PDT,36786,55
160612,SERGIO ZVEITER,DEM,36769,55
167614,SEVERINO NINHO,PSB,36832,55
178961,SHÉRIDAN,PSDB,36835,55
160613,SIBÁ MACHADO,PT,36844,55
74765,SILAS BRASILEIRO,MDB,36899,55
74356,SILAS CÂMARA,PRB,36815,55
187008,SILAS FREIRE,PODE,36896,55
4930,SILVIO COSTA,AVANTE,36898,55
73560,SILVIO TORRES,PSDB,36835,55
73424,SIMÃO SESSIM,PP,37903,55
178911,SIMONE MORGADO,MDB,36899,55
178946,SORAYA SANTOS,PR,36814,55
178947,SÓSTENES CAVALCANTE,DEM,36769,55
92776,STEFANO AGUIAR,PSD,36834,55
177282,SUBTENENTE GONZAGA,PDT,36786,55
178922,TADEU ALENCAR,PSB,36832,55
74385,TAKAYAMA,PSC,36833,55
73831,TAMPINHA,PSD,36834,55
178898,TENENTE LÚCIO,PR,36814,55
178901,TEREZA CRISTINA,DEM,36769,55
160617,THIAGO PEIXOTO,PSD,36834,55
178862,TIA ERON,PRB,36815,55
160976,TIRIRICA,PR,36814,55
160611,TONINHO PINHEIRO,PP,37903,55
178934,TONINHO WANDSCHEER,PROS,36763,55
178863,ULDURICO JUNIOR,PPL,36762,55
195866,VAIDON OLIVEIRA,PROS,36763,55
194340,VAL AMÉLIO,PRTB,36829,55
141384,VALADARES FILHO,PSB,36832,55
74010,VALDIR COLATTO,MDB,36899,55
160610,VALMIR ASSUNÇÃO,PT,36844,55
113247,VALMIR PRASCIDELLI,PT,36844,55
141552,VALTENIR PEREIRA,MDB,36899,55
74376,VANDER LOUBET,PT,36844,55
141553,VANDERLEI MACRIS,PSDB,36835,55
178913,VENEZIANO VITAL DO RÊGO,PSB,36832,55
74308,VICENTE ARRUDA,PR,36814,55
160622,VICENTE CANDIDO,PT,36844,55
74283,VICENTINHO,PT,36844,55
137070,VICENTINHO JÚNIOR,PR,36814,55
178888,VICTOR MENDES,MDB,36899,55
141555,VINICIUS CARVALHO,PRB,36815,55
160591,VINICIUS GURGEL,PR,36814,55
178992,VITOR LIPPI,PSDB,36835,55
92355,VITOR PAULO,PRB,36815,55
178869,VITOR VALIM,PROS,36763,55
189593,WADIH DAMOUS,PT,36844,55
137853,WADSON RIBEIRO,PCdoB,36779,55
160569,WALDENOR PEREIRA,PT,36844,55
141558,WALDIR MARANHÃO,PSDB,36835,55
160631,WALNEY ROCHA,PATRI,37900,55
178952,WALTER ALVES,MDB,36899,55
141560,WALTER IHOSHI,PSD,36834,55
160609,WALTER TOSTA,PSD,36834,55
204760,WASHINGTON CORAÇÃO VALENTE,PDT,36786,55
160620,WASHINGTON REIS,MDB,36899,55
160518,WELITON PRADO,PROS,36763,55
74043,WELLINGTON ROBERTO,PR,36814,55
167493,WEVERTON ROCHA,PDT,36786,55
141563,WILLIAM WOO,PP,37903,55
193066,WILSON BESERRA,MDB,36899,55
160636,WILSON FILHO,PTB,36845,55
73930,WLADIMIR COSTA,SOLIDARIEDADE,37904,55
74439,WOLNEY QUEIROZ,PDT,36786,55
199809,XUXU DAL MOLIN,PSC,36833,55
73992,YEDA CRUSIUS,PSDB,36835,55
191945,ZÉ AUGUSTO NALIN,DEM,36769,55
178889,ZÉ CARLOS,PT,36844,55
73931,ZÉ GERALDO,PT,36844,55
160632,ZÉ SILVA,SOLIDARIEDADE,37904,55
178923,ZECA CAVALCANTI,PTB,36845,55
160592,ZECA DIRCEU,PT,36844,55
178902,ZECA DO PT,PT,36844,55
178949,ZENAIDE MAIA,PHS,36793,55
74392,ZONTA,PSB,36832,55
204554,Abílio Santana,PL,37906,56
204521,Abou Anni,PSL,36837,56
204379,Acácio Favacho,PROS,36763,56
204560,Adolfo Viana,PSDB,36835,56
204528,Adriana Ventura,NOVO,37901,56
121948,Adriano do Baldy,PP,37903,56
74646,Aécio Neves,PSDB,36835,56
141372,Aelton Freitas,PL,37906,56
160508,Afonso Florence,PT,36844,56
136811,Afonso Hamm,PP,37903,56
178835,Afonso Motta,PDT,36786,56
160527,Aguinaldo Ribeiro,PP,37903,56
204495,Airton Faleiro,PT,36844,56
204549,AJ Albuquerque,PP,37903,56
178836,Alan Rick,DEM,36769,56
160559,Alceu Moreira,MDB,36899,56
204413,Alcides Rodrigues,PATRIOTA,37907,56
204545,Alê Silva,PSL,36837,56
204501,Alencar Santana Braga,PT,36844,56
160511,Alessandro Molon,PSB,36832,56
178972,Alex Manente,CIDADANIA,37905,56
204571,Alex Santana,PDT,36786,56
204544,Alexandre Frota,PSDB,36835,56
160545,Alexandre Leite,DEM,36769,56
204503,Alexandre Padilha,PT,36844,56
178833,Alexandre Serfiotis,PSD,36834,56
204516,Alexis Fonteyne,NOVO,37901,56
74057,Alice Portugal,PCdoB,36779,56
178927,Aliel Machado,PSB,36832,56
204353,Aline Gurgel,REPUBLICANOS,37908,56
204400,Aline Sleutjes,PSL,36837,56
178937,Altineu Côrtes,PL,37906,56
178881,Aluisio Mendes,PSC,36833,56
204356,Amaro Neto,REPUBLICANOS,37908,56
178831,André Abdon,PP,37903,56
74471,André de Paula,PSD,36834,56
204423,André Ferreira,PSC,36833,56
133439,André Figueiredo,PDT,36786,56
178882,André Fufuca,PP,37903,56
204515,André Janones,AVANTE,36898,56
73696,Angela Amin,PP,37903,56
74212,Aníbal Gomes,DEM,36769,56
160553,Antonio Brito,PSD,36834,56
73433,Arlindo Chinaglia,PT,36844,56
141391,Arnaldo Jardim,CIDADANIA,37905,56
204414,Aroldo Martins,REPUBLICANOS,37908,56
160541,Arthur Lira,PP,37903,56
160600,Arthur Oliveira Maia,DEM,36769,56
159237,Assis Carvalho,PT,36844,56
74090,Átila Lins,PP,37903,56
74459,Átila Lira,PP,37903,56
160665,Augusto Coutinho,SOLIDARIEDADE,37904,56
204509,Áurea Carolina,PSOL,36839,56
160512,Aureo Ribeiro,SOLIDARIEDADE,37904,56
69871,Bacelar,PODE,36896,56
178975,Baleia Rossi,MDB,36899,56
73701,Benedita da Silva,PT,36844,56
109429,Benes Leocádio,REPUBLICANOS,37908,56
141335,Beto Faro,PT,36844,56
204358,Beto Pereira,PSDB,36835,56
178948,Beto Rosado,PP,37903,56
207176,Bia Cavassa,PSDB,36835,56
204374,Bia Kicis,PSL,36837,56
204388,Bibo Nunes,PSL,36837,56
141513,Bilac Pinto,DEM,36769,56
204561,Bira do Pindaré,PSB,36832,56
204397,Boca Aberta,PROS,36763,56
160538,Bohn Gass,PT,36844,56
74052,Bosco Costa,PL,37906,56
204551,Bosco Saraiva,SOLIDARIEDADE,37904,56
204502,Bozzella,PSL,36837,56
160589,Bruna Furlan,PSDB,36835,56
93083,Cacá Leão,PP,37903,56
178853,Caetano,PT,36844,56
204352,Camilo Capiberibe,PSB,36832,56
204572,Capitão Alberto Neto,REPUBLICANOS,37908,56
178829,Capitão Augusto,PL,37906,56
178924,Capitão Fábio Abreu,PL,37906,56
204487,Capitão Wagner,PROS,36763,56
213762,Carla Dickson,PROS,36763,56
204507,Carla Zambelli,PSL,36837,56
141401,Carlos Bezerra,MDB,36899,56
204361,Carlos Chiodini,MDB,36899,56
178962,Carlos Gomes,REPUBLICANOS,37908,56
178993,Carlos Henrique Gaguim,DEM,36769,56
204460,Carlos Jordy,PSL,36837,56
74262,Carlos Sampaio,PSDB,36835,56
204426,Carlos Veras,PT,36844,56
141398,Carlos Zarattini,PT,36844,56
164360,Carmen Zanotto,CIDADANIA,37905,56
204369,Caroline de Toni,PSL,36837,56
204499,Cássio Andrade,PSB,36832,56
204380,Celina Leão,PP,37903,56
204370,Célio Moura,PT,36844,56
178876,Célio Silveira,PSDB,36835,56
204488,Célio Studart,PV,36851,56
141405,Celso Maldaner,MDB,36899,56
73441,Celso Russomanno,REPUBLICANOS,37908,56
204496,Celso Sabino,PSDB,36835,56
204504,Cezinha de Madureira,PSD,36834,56
205476,Charles Fernandes,PSD,36834,56
204490,Charlles Evangelista,PSL,36837,56
141439,Chico D'Angelo,PDT,36786,56
141440,CHICO LOPES,PCdoB,36779,56
204476,Chiquinho Brazão,AVANTE,36898,56
204462,Chris Tonietto,PSL,36837,56
178928,Christiane de Souza Yared,PL,37906,56
204440,Christino Aureo,PP,37903,56
178939,Clarissa Garotinho,PROS,36763,56
74537,Claudio Cajado,PP,37903,56
141408,Cleber Verde,REPUBLICANOS,37908,56
204376,Coronel Armando,PSL,36837,56
204378,Coronel Chrisóstomo,PSL,36837,56
204514,Coronel Tadeu,PSL,36837,56
178963,Covatti Filho,PP,37903,56
135054,Cristiano Vale,PL,37906,56
204355,Da Vitoria,CIDADANIA,37905,56
141411,Dagoberto Nogueira,PDT,36786,56
74467,Damião Feliciano,PDT,36786,56
74060,Daniel Almeida,PCdoB,36779,56
178916,Daniel Coelho,CIDADANIA,37905,56
204367,Daniel Freitas,PSL,36837,56
204454,Daniel Silveira,PSL,36837,56
204409,Daniel Trzeciak,PSDB,36835,56
204459,Daniela do Waguinho,MDB,36899,56
160528,Danilo Cabral,PSB,36832,56
62881,Danilo Forte,PSDB,36835,56
160552,Danrlei de Deus Hinterholz,PSD,36834,56
116379,Darci de Matos,PSD,36834,56
73891,Darcísio Perondi,MDB,36899,56
205548,David Miranda,PSOL,36839,56
204511,David Soares,DEM,36769,56
204451,Delegado Antônio Furtado,PSL,36837,56
178908,Delegado Éder Mauro,PSD,36834,56
204512,Delegado Marcelo Freitas,PSL,36837,56
204569,Delegado Pablo,PSL,36837,56
164359,Delegado Waldir,PSL,36837,56
204542,Denis Bezerra,PSB,36832,56
213856,Deuzinho Filho,REPUBLICANOS,37908,56
160588,Diego Andrade,PSD,36834,56
178929,Diego Garcia,PODE,36896,56
160599,Dimas Fabiano,PP,37903,56
143632,Domingos Neto,PSD,36834,56
160758,Domingos Sávio,PSDB,36835,56
213854,Dr. Agripino Magalhães,PROS,36763,56
204518,Dr. Frederico,PATRIOTA,37907,56
212625,Dr. Gonçalo,REPUBLICANOS,37908,56
204481,Dr. Jaziel,PL,37906,56
213679,Dr. João,PROS,36763,56
204439,Dr. Leonardo,SOLIDARIEDADE,37904,56
204450,Dr. Luiz Antonio Teixeira Jr.,PP,37903,56
204351,Dr. Luiz Ovando,PSL,36837,56
178830,Dr. Sinval Malheiros,PODE,36896,56
204412,Dr. Zacharias Calil,DEM,36769,56
81297,Dra. Soraya Manato,PSL,36837,56
204434,Dra. Vanda Milani,SOLIDARIEDADE,37904,56
178994,Dulce Miranda,MDB,36899,56
204562,Edilázio Júnior,PSD,36834,56
141417,Edio Lopes,PL,37906,56
134812,Edmilson Rodrigues,PSOL,36839,56
204421,Edna Henrique,PSDB,36835,56
74655,Eduardo Barbosa,PSDB,36835,56
204541,Eduardo Bismarck,PDT,36786,56
92346,Eduardo Bolsonaro,PSL,36837,56
204552,Eduardo Braide,PODE,36896,56
204500,Eduardo Costa,PTB,36845,56
178977,Eduardo Cury,PSDB,36835,56
141421,Eduardo da Fonte,PP,37903,56
141422,Efraim Filho,DEM,36769,56
74075,Elcione Barbalho,MDB,36899,56
204364,Eli Borges,SOLIDARIEDADE,37904,56
160532,Eli Corrêa Filho,DEM,36769,56
204389,Elias Vaz,PSB,36832,56
178854,Elmar Nascimento,DEM,36769,56
198783,Emanuel Pinheiro Neto,PTB,36845,56
161550,Emidinho Madeira,PSB,36832,56
207309,Enéias Reis,PSL,36837,56
132504,Enio Verri,PT,36844,56
204537,Enrico Misasi,PV,36851,56
160575,Erika Kokay,PT,36844,56
160640,Eros Biondini,PROS,36763,56
204482,Euclydes Pettersen,PSC,36833,56
178871,Evair Vieira de Melo,PP,37903,56
178953,Expedito Netto,PSD,36834,56
211866,Fabiano Tolentino,CIDADANIA,37905,56
141428,Fábio Faria,PSD,36834,56
68720,Fábio Henrique,PDT,36786,56
178969,Fábio Mitidieri,PSD,36834,56
141427,Fábio Ramalho,MDB,36899,56
171623,Fabio Reis,MDB,36899,56
204368,Fabio Schiochet,PSL,36837,56
160587,Fábio Trad,PSD,36834,56
66828,Fausto Pinato,PP,37903,56
204477,Felício Laterça,PSL,36837,56
72442,Felipe Carreras,PSB,36832,56
204398,Felipe Francischini,PSL,36837,56
204371,Felipe Rigoni,PSB,36832,56
160666,Félix Mendonça Júnior,PDT,36786,56
204407,Fernanda Melchionna,PSOL,36839,56
212504,Fernando Borja,AVANTE,36898,56
141431,Fernando Coelho Filho,DEM,36769,56
204445,Fernando Mineiro,PT,36844,56
92699,Fernando Monteiro,PP,37903,56
204427,Fernando Rodolfo,PL,37906,56
204411,Filipe Barros,PSL,36837,56
204354,Flávia Arruda,PL,37906,56
160598,Flávia Morais,PDT,36786,56
141434,Flaviano Melo,MDB,36899,56
191923,Flávio Nogueira,PDT,36786,56
204447,Flordelis,PSD,36834,56
204392,Francisco Jr.,PSD,36834,56
204510,Franco Cartafina,PP,37903,56
204494,Fred Costa,PATRIOTA,37907,56
204393,Frei Anastacio Ribeiro,PT,36844,56
74200,Gastão Vieira,PROS,36763,56
115746,Gelson Azevedo,PL,37906,56
160669,Genecias Noronha,SOLIDARIEDADE,37904,56
204473,General Girão,PSL,36837,56
204484,General Peternelli,PSL,36837,56
204527,Geninho Zuliani,DEM,36769,56
178966,Geovania de Sá,PSDB,36835,56
74374,Geraldo Resende,PSDB,36835,56
204394,Gervásio Maia,PSB,36832,56
74383,Giacobo,PL,37906,56
204575,Gil Cutrim,REPUBLICANOS,37908,56
204491,Gilberto Abramo,REPUBLICANOS,37908,56
74270,Gilberto Nascimento,PSC,36833,56
204365,Gilson Marques,NOVO,37901,56
160673,Giovani Cherini,PL,37906,56
178996,Giovani Feltes,MDB,36899,56
152605,Glauber Braga,PSOL,36839,56
204419,Glaustin da Fokus,PSC,36833,56
107283,Gleisi Hoffmann,PT,36844,56
74419,Gonzaga Patriota,PSB,36832,56
129618,GORETE PEREIRA,PL,37906,56
198197,Greyce Elias,AVANTE,36898,56
204513,Guiga Peixoto,PSL,36837,56
204531,Guilherme Derrite,PP,37903,56
160667,Guilherme Mussi,PP,37903,56
204442,Gurgel,PSL,36837,56
73460,Gustavo Fruet,PDT,36786,56
204408,Gustinho Ribeiro,SOLIDARIEDADE,37904,56
204456,Gutemberg Reis,MDB,36899,56
204465,Haroldo Cathedral,PSD,36834,56
204548,Heitor Freire,PSL,36837,56
178964,Heitor Schuch,PSB,36832,56
178873,Helder Salomão,PT,36844,56
204373,Hélio Costa,REPUBLICANOS,37908,56
178909,Hélio Leite,DEM,36769,56
204444,Helio Lopes,PSL,36837,56
73482,Henrique Fontana,PT,36844,56
204539,Hercílio Coelho Diniz,MDB,36899,56
178981,Herculano Passos,MDB,36899,56
73772,Hermes Parcianello,MDB,36899,56
178884,Hildo Rocha,MDB,36899,56
178959,Hiran Gonçalves,PP,37903,56
141450,Hugo Leal,PSD,36834,56
160674,Hugo Motta,REPUBLICANOS,37908,56
204533,Idilvan Alencar,PDT,36786,56
204564,Igor Kannário,DEM,36769,56
204508,Igor Timo,PODE,36896,56
67138,Iracema Portella,PP,37903,56
204436,Isnaldo Bulhões Jr.,MDB,36899,56
73531,Ivan Valente,PSOL,36839,56
74848,Jandira Feghali,PCdoB,36779,56
108338,Jaqueline Cassol,PP,37903,56
160672,Jean Wyllys,PSOL,36839,56
74273,Jefferson Campos,PSB,36832,56
160570,Jerônimo Goergen,PP,37903,56
178839,Jéssica Sales,MDB,36899,56
204435,Jesus Sérgio,PDT,36786,56
178842,Jhc,PSB,36832,56
160531,Jhonatan de Jesus,REPUBLICANOS,37908,56
74366,João Campos,REPUBLICANOS,37908,56
141458,João Carlos Bacelar,PL,37906,56
178970,João Daniel,PT,36844,56
204429,João H. Campos,PSB,36832,56
141459,João Maia,PL,37906,56
112437,João Marcelo Souza,MDB,36899,56
204576,João Roma,REPUBLICANOS,37908,56
178910,Joaquim Passarinho,PSD,36834,56
204468,Joenia Wapichana,REDE,36886,56
204546,Joice Hasselmann,PSL,36837,56
205550,Jorge Braz,REPUBLICANOS,37908,56
214694,Jorge Goetten,PL,37906,56
178857,Jorge Solla,PT,36844,56
141464,José Airton Félix Cirilo,PT,36844,56
141470,José Guimarães,PT,36844,56
204386,Jose Mario Schreiner,DEM,36769,56
204472,José Medeiros,PODE,36896,56
204391,José Nelto,PODE,36896,56
160619,José Nunes,PSD,36834,56
74079,José Priante,MDB,36899,56
204555,José Ricardo,PT,36844,56
74554,José Rocha,PL,37906,56
209189,Joseildo Ramos,PT,36844,56
74141,Josias Gomes,PT,36844,56
204563,Josimar Maranhãozinho,PL,37906,56
215043,Josivaldo JP,PODE,36896,56
204474,Juarez Costa,MDB,36899,56
204420,Julian Lemos,PSL,36837,56
74317,Júlio Cesar,PSD,36834,56
204372,Julio Cesar Ribeiro,REPUBLICANOS,37908,56
73586,Júlio Delgado,PSB,36832,56
204457,Juninho do Pneu,DEM,36769,56
204520,Junio Amaral,PSL,36837,56
204497,Júnior Ferrari,PSD,36834,56
204574,Junior Lourenço,PL,37906,56
204550,Júnior Mano,PL,37906,56
178886,Juscelino Filho,DEM,36769,56
204536,Kim Kataguiri,DEM,36769,56
151208,Laercio Oliveira,PP,37903,56
141478,Laerte Bessa,PL,37906,56
98057,Lafayette de Andrada,REPUBLICANOS,37908,56
160534,Lauriete,PSC,36833,56
178832,Leandre,PV,36851,56
204375,Leda Sadala,AVANTE,36898,56
178825,LEO DE BRITO,PT,36844,56
204359,Léo Moraes,PODE,36896,56
204547,Léo Motta,PSL,36837,56
122195,Leonardo Gadelha,PSC,36833,56
74156,Leonardo Monteiro,PT,36844,56
74299,Leônidas Cristino,PDT,36786,56
92102,Leur Lomanto Júnior,DEM,36769,56
139285,Lídice da Mata,PSB,36832,56
74585,Lincoln Portela,PL,37906,56
204405,Liziane Bayer,PSB,36832,56
204382,Loester Trutis,PSL,36837,56
196358,Lourival Gomes,PSL,36837,56
204523,Lucas Gonzalez,NOVO,37901,56
204404,Lucas Redecker,PSDB,36835,56
178879,Lucas Vergilio,SOLIDARIEDADE,37904,56
74478,Luciano Bivar,PSL,36837,56
178931,Luciano Ducci,PSB,36832,56
178954,Lucio Mosquini,MDB,36899,56
204381,Luis Miranda,DEM,36769,56
160510,Luis Tibé,AVANTE,36898,56
204410,Luisa Canziani,PTB,36845,56
204448,Luiz Antônio Corrêa,PL,37906,56
160645,Luiz Carlos,PSDB,36835,56
204485,Luiz Carlos Motta,PL,37906,56
204543,Luiz Flávio Gomes,PSB,36832,56
178982,Luiz Lauro Filho,PSDB,36835,56
204455,Luiz Lima,PSL,36837,56
162332,Luiz Nishimori,PL,37906,56
204526,Luiz Philippe de Orleans e Bragança,PSL,36837,56
74784,Luiza Erundina,PSOL,36839,56
204418,Luizão Goulart,REPUBLICANOS,37908,56
178866,Luizianne Lins,PT,36844,56
166402,Magda Mofatto,PL,37906,56
204458,Major Fabiana,PSL,36837,56
141490,MANOEL JUNIOR,PSC,36833,56
204469,Manuel Marcos,REPUBLICANOS,37908,56
204471,Mara Rocha,PSDB,36835,56
212749,Marcão Gomes,PL,37906,56
156190,Marcel van Hattem,NOVO,37901,56
179000,Marcelo Álvaro Antônio,PSL,36837,56
146788,Marcelo Aro,PP,37903,56
205863,Marcelo Brum,PSL,36837,56
204433,Marcelo Calero,CIDADANIA,37905,56
76874,Marcelo Freixo,PSOL,36839,56
133810,Marcelo Moraes,PTB,36845,56
204558,Marcelo Nilo,PSB,36832,56
204556,Marcelo Ramos,PL,37906,56
178983,Marcio Alvino,PL,37906,56
179001,Márcio Biolchi,MDB,36899,56
81055,Márcio Jerry,PCdoB,36779,56
204452,Márcio Labre,PSL,36837,56
150418,Márcio Marinho,REPUBLICANOS,37908,56
204522,Marco Bertaiolli,PSD,36834,56
160536,MARCO TEBALDI,PSDB,36835,56
160535,Marcon,PT,36844,56
204431,Marcos Aurélio Sampaio,MDB,36899,56
204506,Marcos Pereira,REPUBLICANOS,37908,56
178943,Marcos Soares,DEM,36769,56
159238,Marcus Pestana,PSDB,36835,56
204430,Margarete Coelho,PP,37903,56
171619,Margarida Salomão,PT,36844,56
74398,Maria do Rosário,PT,36844,56
204540,Maria Rosas,REPUBLICANOS,37908,56
178956,Mariana Carvalho,PSDB,36835,56
204428,Marília Arraes,PT,36844,56
204432,Marina Santos,SOLIDARIEDADE,37904,56
74158,Mário Heringer,PDT,36786,56
178858,Mário Negromonte Jr.,PP,37903,56
204403,Marlon Santos,PDT,36786,56
204566,Marreca Filho,PATRIOTA,37907,56
178843,Marx Beltrão,PSD,36834,56
75431,Maurício Dziedricki,PTB,36845,56
204486,Mauro Benevides Filho,PDT,36786,56
74749,Mauro Lopes,MDB,36899,56
141508,Mauro Nazif,PSB,36832,56
188097,Merlong Solano,PT,36844,56
178984,Miguel Haddad,PSDB,36835,56
178985,Miguel Lombardi,PL,37906,56
92172,Milton Coelho,PSB,36832,56
154178,Milton Vieira,REPUBLICANOS,37908,56
178895,Misael Varella,PSD,36834,56
178997,Moses Rodrigues,MDB,36899,56
204453,Natália Bonavides,PT,36844,56
204449,Nelson Barbudo,PSL,36837,56
74571,Nelson Pellegrino,PT,36844,56
204415,Nereu Crispim,PSL,36837,56
146307,Neri Geller,PP,37903,56
74165,Neucimar Fraga,PSD,36834,56
178896,Newton Cardoso Jr,MDB,36899,56
204384,Ney Leprevost,PSD,36834,56
204479,Nicoletti,PSL,36837,56
214445,Nilson F. Stainsack,PP,37903,56
74352,Nilson Pinto,PSDB,36835,56
178986,Nilto Tatto,PT,36844,56
194260,Nivaldo Albuquerque,PTB,36845,56
66179,Norma Ayub,DEM,36769,56
216198,Norma Pereira,PSDB,36835,56
74159,Odair Cunha,PT,36844,56
178868,Odorico Monteiro,PSB,36832,56
204498,Olival Marques,DEM,36769,56
74399,Onyx Lorenzoni,DEM,36769,56
178987,Orlando Silva,PCdoB,36779,56
204363,Osires Damaso,PSC,36833,56
73692,Osmar Terra,MDB,36899,56
204422,Ossesio Silva,REPUBLICANOS,37908,56
141515,Otavio Leite,PSDB,36835,56
204441,Otoni de Paula,PSC,36833,56
204475,Ottaci Nascimento,SOLIDARIEDADE,37904,56
204573,Otto Alencar Filho,PSD,36834,56
160556,Padre João,PT,36844,56
74319,Paes Landim,PTB,36845,56
160642,Pastor Eurico,PATRIOTA,37907,56
204570,Pastor Gil,PL,37906,56
204553,Pastor Sargento Isidório,AVANTE,36898,56
205535,Patricia Ferraz,PODE,36896,56
74160,Patrus Ananias,PT,36844,56
204377,Paula Belmonte,CIDADANIA,37905,56
171617,Paulão,PT,36844,56
141516,Paulo Abi-Ackel,PSDB,36835,56
178860,Paulo Azi,DEM,36769,56
204538,Paulo Bengtson,PTB,36845,56
193726,Paulo Eduardo Martins,PSC,36833,56
160517,Paulo Foletto,PSB,36832,56
160558,Paulo Freire Costa,PL,37906,56
204461,Paulo Ganime,NOVO,37901,56
204492,Paulo Guedes,PT,36844,56
74574,Paulo Magalhães,PSD,36834,56
128760,Paulo Marinho Jr,PL,37906,56
141518,Paulo Pereira da Silva,SOLIDARIEDADE,37904,56
74400,Paulo Pimenta,PT,36844,56
133968,Paulo Ramos,PDT,36786,56
141488,Paulo Teixeira,PT,36844,56
216544,Paulo Vicente Caleffi,PSD,36834,56
90201,Pedro Augusto Bezerra,PTB,36845,56
215045,Pedro Augusto Palareti,PSD,36834,56
178912,Pedro Cunha Lima,PSDB,36835,56
122974,Pedro Lucas Fernandes,PTB,36845,56
204395,Pedro Lupion,DEM,36769,56
122158,Pedro Paulo,DEM,36769,56
160604,Pedro Uczai,PT,36844,56
178844,Pedro Vilela,PSDB,36835,56
204406,Pedro Westphalen,PP,37903,56
73943,Perpétua Almeida,PCdoB,36779,56
204524,Pinheirinho,PP,37903,56
204529,Policial Katia Sastre,PL,37906,56
73486,Pompeo de Mattos,PDT,36786,56
160601,Pr. Marco Feliciano,REPUBLICANOS,37908,56
204390,Professor Alcides,PP,37903,56
204383,Professor Israel Batista,PV,36851,56
204446,Professor Joziel,PSL,36837,56
204565,Professora Dayane Pimentel,PSL,36837,56
160639,Professora Dorinha Seabra Rezende,DEM,36769,56
160641,Professora Marcivania,PCdoB,36779,56
204467,Professora Rosa Neide,PT,36844,56
215361,Rachel Marques,PT,36844,56
178951,Rafael Motta,PSB,36832,56
216313,Rafafá,PSDB,36835,56
204567,Raimundo Costa,PL,37906,56
141523,Raul Henry,MDB,36899,56
74161,Reginaldo Lopes,PT,36844,56
205865,Reinhold Stephanes Junior,PSD,36834,56
178925,Rejane Dias,PT,36844,56
178989,Renata Abreu,PODE,36896,56
214477,Renato Queiroz,MDB,36899,56
73801,Renildo Calheiros,PCdoB,36779,56
73788,Ricardo Barros,PP,37903,56
215042,Ricardo da Karol,PSC,36833,56
204362,Ricardo Guidi,PSD,36834,56
160655,Ricardo Izar,PP,37903,56
211649,Ricardo Pericar,PSL,36837,56
213274,Ricardo Silva,PSB,36832,56
178920,Ricardo Teobaldo,PODE,36896,56
204489,Robério Monteiro,PDT,36786,56
152610,Roberto Alves,REPUBLICANOS,37908,56
73674,ROBERTO BALESTRA,PP,37903,56
160653,Roberto de Lucena,PODE,36896,56
74305,Roberto Pessoa,PSDB,36835,56
204530,Rodrigo Agostinho,PSB,36832,56
204366,Rodrigo Coelho,PSB,36832,56
141531,Rodrigo de Castro,PSDB,36835,56
74693,Rodrigo Maia,DEM,36769,56
204480,Rogério Correia,PT,36844,56
160651,Rogério Peninha Mendonça,MDB,36899,56
178930,Roman,PATRIOTA,37907,56
178861,Ronaldo Carletto,PP,37903,56
122466,Ronaldo Martins,REPUBLICANOS,37908,56
204525,Rosana Valle,PSB,36832,56
178945,Rosangela Gomes,REPUBLICANOS,37908,56
204357,Rose Modesto,PSDB,36835,56
178935,Rossoni,PSDB,36835,56
73466,Rubens Bueno,CIDADANIA,37905,56
74371,Rubens Otoni,PT,36844,56
178887,Rubens Pereira Júnior,PCdoB,36779,56
73604,Rui Falcão,PT,36844,56
160635,Ruy Carneiro,PSDB,36835,56
204535,Sâmia Bomfim,PSOL,36839,56
178990,Samuel Moreira,PSDB,36835,56
204416,Sanderson,PSL,36837,56
160621,Sandro Alex,PSD,36834,56
90842,Santini,PTB,36845,56
204387,Sargento Fahur,PSD,36834,56
204399,Schiavinato,PP,37903,56
178921,Sebastião Oliveira,AVANTE,36898,56
73808,Sérgio Brito,PSD,36834,56
178933,Sergio Souza,MDB,36899,56
204438,Sergio Toledo,PL,37906,56
178874,Sergio Vidigal,PDT,36786,56
204437,Severino Pessoa,REPUBLICANOS,37908,56
178961,Shéridan,PSDB,36835,56
204557,Sidney Leite,PSD,36834,56
74356,Silas Câmara,REPUBLICANOS,37908,56
204360,Silvia Cristina,PDT,36786,56
204425,Silvio Costa Filho,REPUBLICANOS,37908,56
168175,Simplício Araújo,SOLIDARIEDADE,37904,56
178946,Soraya Santos,PL,37906,56
178947,Sóstenes Cavalcante,DEM,36769,56
92776,Stefano Aguiar,PSD,36834,56
177282,Subtenente Gonzaga,PDT,36786,56
204534,Tabata Amaral,PDT,36786,56
178922,Tadeu Alencar,PSB,36832,56
74806,Tadeu Filippelli,MDB,36899,56
204464,Talíria Petrone,PSOL,36839,56
206231,Ted Conti,PSB,36832,56
178901,Tereza Cristina,DEM,36769,56
204466,Tereza Nelma,PSDB,36835,56
178862,Tia Eron,REPUBLICANOS,37908,56
143084,Tiago Dimas,SOLIDARIEDADE,37904,56
204519,Tiago Mitraud,NOVO,37901,56
160976,Tiririca,PL,37906,56
197438,Tito,AVANTE,36898,56
178934,Toninho Wandscheer,PROS,36763,56
216545,Totonho Lopes,PDT,36786,56
157130,Túlio Gadêlha,PDT,36786,56
178863,Uldurico Junior,PROS,36763,56
195866,Vaidon Oliveira,PROS,36763,56
204385,Valdevan Noventa,PL,37906,56
74010,VALDIR COLATTO,MDB,36899,56
160610,Valmir Assunção,PT,36844,56
141552,Valtenir Pereira,MDB,36899,56
74376,Vander Loubet,PT,36844,56
141553,Vanderlei Macris,PSDB,36835,56
204505,Vavá Martins,REPUBLICANOS,37908,56
204396,Vermelho,PSD,36834,56
74283,Vicentinho,PT,36844,56
137070,Vicentinho Júnior,PL,37906,56
204483,Vilson da Fetaemg,PSB,36832,56
141555,Vinicius Carvalho,REPUBLICANOS,37908,56
204478,Vinicius Farah,MDB,36899,56
160591,Vinicius Gurgel,PL,37906,56
204532,Vinicius Poit,NOVO,37901,56
179587,Vitor Hugo,PSL,36837,56
178992,Vitor Lippi,PSDB,36835,56
215044,Vivi Reis,PSOL,36839,56
204443,Wagner Montes,REPUBLICANOS,37908,56
160569,Waldenor Pereira,PT,36844,56
178952,Walter Alves,MDB,36899,56
160518,Weliton Prado,PROS,36763,56
74043,Wellington Roberto,PL,37906,56
74044,Wilson Santiago,PTB,36845,56
204463,Wladimir Garotinho,PSD,36834,56
74439,Wolney Queiroz,PDT,36786,56
178889,Zé Carlos,PT,36844,56
204559,Zé Neto,PT,36844,56
160632,Zé Silva,SOLIDARIEDADE,37904,56
204517,Zé Vitor,PL,37906,56
160592,Zeca Dirceu,PT,36844,56
